亜	4-7-1
唖	1-3-7
娃	1-3-6
阿	1-3-5
哀	2-2-7
愛	2-4-9
挨	1-3-7
姶	1-3-6
逢	3-3-7
葵	2-3-9
茜	2-3-6
穐	1-5-11
悪	2-7-4
握	1-3-9
渥	1-3-9
旭	3-2-4
葦	2-3-10
芦	2-3-4
鯵	1-11-8
梓	1-4-7
圧	3-2-3
斡	1-8-6
扱	1-3-3
宛	2-3-5
姐	1-3-5
虻	1-6-3
飴	1-8-5
絢	1-6-6
綾	1-6-8
鮎	1-11-5
或	3-4-4
粟	2-6-6
袷	1-5-6
安	2-3-3
庵	3-3-8
按	1-3-6
暗	1-4-9
案	2-3-7
闇	3-8-9
鞍	1-9-6
杏	2-4-3
以	1-2-3
伊	1-2-4
位	1-2-5
依	1-2-6
偉	1-2-10
囲	3-3-4
夷	4-6-4
委	2-5-3
威	4-9-4
尉	1-8-3
惟	1-3-8
意	2-2-11
慰	2-11-4
易	2-4-4
椅	1-4-8
為	4-9-4
畏	2-5-4
異	2-5-6
移	1-5-6
維	1-6-8
緯	1-6-10
胃	2-5-4
萎	2-3-8
衣	2-2-4
謂	1-7-9
違	3-3-10
遺	3-3-12
医	3-2-5
井	4-4-3
亥	2-2-4
域	1-3-8
育	2-2-6
郁	1-6-3
磯	1-5-12
一	4-1-4
壱	2-3-4
溢	1-3-10
逸	3-3-8
稲	1-5-9
茨	2-3-6
芋	2-3-3
鰯	1-11-10
允	2-2-2
印	1-4-2
咽	1-3-6
員	2-3-7
因	3-3-3
姻	1-3-6
引	1-3-1
飲	1-8-4
淫	1-3-8
胤	1-1-8
蔭	2-3-11
院	1-3-7
陰	1-3-8
隠	1-3-11
韻	1-9-10
吋	1-3-3
右	3-2-3
宇	2-3-3
烏	3-6-4
羽	1-3-3
迂	3-3-3
雨	4-8-1
卯	1-3-2
鵜	1-7-11
窺	2-3-13
丑	4-4-1
碓	1-5-8
臼	4-6-2
渦	1-3-9
嘘	1-3-11
唄	1-3-7
欝	2-12-14
蔚	2-3-11
鰻	1-11-11
姥	1-3-6
厩	3-2-10
浦	1-3-7
瓜	3-3-2
閏	3-8-4
噂	1-3-12
云	2-1-3
運	3-3-9
雲	2-8-4
荏	2-3-6
餌	1-8-6
叡	1-14-2
営	2-5-7
嬰	2-14-3
影	1-12-3
映	1-4-5
曳	4-6-4
栄	2-5-4
永	2-1-4
泳	1-3-5
洩	1-3-6
瑛	1-4-8
盈	2-4-5
穎	1-7-9
頴	1-7-9
英	2-3-5
衛	1-3-13
詠	1-7-5
鋭	1-8-7
液	1-3-8
疫	3-5-4
益	2-3-7
駅	1-10-4
悦	1-3-7
謁	1-7-8
越	3-7-5
閲	3-8-7
榎	1-4-10
厭	3-2-12
円	3-2-2
園	3-3-10
堰	1-3-9
奄	2-3-5
宴	2-3-7
延	3-3-5
怨	2-5-4
掩	1-3-8
援	1-3-9
沿	1-3-5
演	1-3-11
炎	2-4-4
焔	1-4-7
煙	1-4-9
燕	2-4-12
猿	1-3-10
縁	1-6-9
艶	1-13-6
苑	2-3-5
薗	2-3-13
遠	3-3-10
鉛	1-8-5
鴛	2-5-11
塩	1-3-10
於	1-4-4
汚	1-3-3
甥	1-5-7
凹	4-5-1
央	4-5-4
奥	2-9-3
往	1-3-5
応	3-3-4
押	1-3-5
旺	1-4-4
横	1-4-11
欧	1-4-4
殴	1-4-4
王	4-4-1
翁	2-2-8
襖	1-5-12
鴬	2-5-11
鴎	1-4-11
黄	2-4-7
岡	3-2-6
沖	1-3-4
荻	2-3-7
億	1-2-13
屋	3-3-6
憶	1-3-13
臆	1-4-13
桶	1-4-7
牡	1-4-3
乙	4-1-1
俺	1-2-8
卸	1-7-2
恩	2-6-4
温	1-3-9
穏	1-5-11
音	2-2-7
下	4-3-1
化	1-2-2
仮	1-2-4
何	1-2-5
伽	1-2-5
価	1-2-6
佳	1-2-6
加	1-2-3
可	3-2-3
嘉	2-3-11
夏	2-2-8
嫁	1-3-10
家	2-3-7
寡	2-3-11
科	1-5-4
暇	1-4-9
果	4-8-1
架	2-5-4
歌	1-10-4
河	1-3-5
火	4-4-4
珂	1-4-5
禍	1-4-9
禾	4-5-3
稼	1-5-10
箇	2-6-8
花	2-3-4
苛	2-3-5
茄	2-3-5
荷	2-3-7
華	2-3-7
菓	2-3-8
蝦	1-6-9
課	1-7-8
嘩	1-3-10
貨	2-4-7
迦	3-3-5
過	3-3-9
霞	2-8-9
蚊	1-6-4
俄	1-2-7
峨	1-3-7
我	4-7-3
牙	4-4-1
画	3-2-6
臥	1-7-2
芽	2-3-5
蛾	1-6-7
賀	2-5-7
雅	1-5-8
餓	1-8-7
駕	2-5-10
介	2-2-2
会	2-2-4
解	1-7-6
回	3-3-3
塊	1-3-10
壊	1-3-13
廻	3-3-6
快	1-3-4
怪	1-3-5
悔	1-3-6
恢	1-3-6
懐	1-3-13
戒	3-4-3
拐	1-3-5
改	1-3-4
魁	3-10-4
晦	1-4-6
械	1-4-7
海	1-3-6
灰	3-2-4
界	2-5-4
皆	2-4-5
絵	1-6-6
芥	2-3-4
蟹	2-13-6
開	3-8-4
階	1-3-9
貝	2-5-2
凱	1-10-2
劾	1-6-2
外	1-3-2
咳	1-3-6
害	2-3-7
崖	2-3-8
慨	1-3-10
概	1-4-10
涯	1-3-8
碍	1-5-8
蓋	2-3-10
街	1-3-9
該	1-7-6
鎧	1-8-10
骸	1-10-6
浬	1-3-7
馨	2-11-9
蛙	1-6-6
垣	1-3-6
柿	1-4-5
蛎	1-6-5
鈎	1-8-4
劃	1-12-2
嚇	1-3-14
各	2-3-3
廓	3-3-11
拡	1-3-5
撹	1-3-12
格	1-4-6
核	1-4-6
殻	1-7-4
獲	1-3-13
確	1-5-10
穫	1-5-13
覚	2-5-7
角	2-2-5
赫	1-7-7
較	1-7-6
郭	1-8-3
閣	3-8-6
隔	1-3-10
革	2-4-5
学	2-5-3
岳	2-5-3
楽	2-9-4
額	1-9-9
顎	1-9-9
掛	1-3-8
笠	2-6-5
樫	1-4-12
橿	1-4-13
梶	1-4-7
鰍	1-11-9
潟	1-3-12
割	1-10-2
喝	1-3-8
恰	1-3-6
括	1-3-6
活	1-3-6
渇	1-3-8
滑	1-3-10
葛	2-3-8
褐	1-5-8
轄	1-7-10
且	4-5-1
鰹	1-11-12
叶	1-3-2
椛	1-4-7
樺	1-4-10
鞄	1-9-5
株	1-4-6
兜	2-9-2
竃	2-3-14
蒲	2-3-10
釜	2-2-8
鎌	1-8-10
噛	1-3-12
鴨	1-5-11
栢	1-4-6
茅	2-3-5
萱	2-3-9
粥	1-3-9
刈	1-2-2
苅	2-3-4
瓦	4-5-1
乾	1-8-3
侃	1-2-6
冠	2-2-7
寒	2-3-9
刊	1-3-2
勘	1-9-2
勧	1-11-2
巻	2-6-3
喚	1-3-9
堪	1-3-9
姦	2-3-6
完	2-3-4
官	2-3-5
寛	2-3-10
干	4-3-1
幹	1-8-5
患	2-7-4
感	2-9-4
慣	1-3-11
憾	1-3-13
換	1-3-9
敢	1-8-4
柑	1-4-5
桓	1-4-6
棺	1-4-8
款	1-8-4
歓	1-11-4
汗	1-3-3
漢	1-3-10
澗	1-3-12
潅	1-3-11
環	1-4-13
甘	4-5-2
監	2-10-5
看	3-4-5
竿	2-6-3
管	2-6-8
簡	2-6-12
緩	1-6-9
缶	2-2-4
翰	1-8-8
肝	1-4-3
艦	1-6-15
莞	2-3-7
観	1-11-7
諌	1-7-8
貫	2-4-7
還	3-3-13
鑑	1-8-15
間	3-8-4
閑	3-8-4
関	3-8-6
陥	1-3-7
韓	1-8-10
館	1-8-8
舘	1-8-8
丸	4-3-4
含	2-2-5
岸	2-3-5
巌	2-3-17
玩	1-4-4
癌	3-5-12
眼	1-5-6
岩	2-3-5
翫	1-11-4
贋	3-2-17
雁	3-2-10
頑	1-4-9
顔	1-9-9
願	1-10-9
企	2-2-4
伎	1-2-4
危	3-4-2
喜	2-3-9
器	2-6-9
基	2-6-5
奇	2-3-5
嬉	1-3-12
寄	2-3-8
岐	1-3-4
希	2-2-5
幾	4-12-4
忌	2-3-4
揮	1-3-9
机	1-4-2
旗	1-4-10
既	1-5-5
期	1-8-4
棋	1-4-8
棄	2-2-11
機	1-4-12
帰	1-2-8
毅	1-11-4
気	3-4-2
汽	1-3-4
畿	4-15-4
祈	1-4-4
季	2-5-3
稀	1-5-7
紀	1-6-3
徽	1-3-14
規	1-4-7
記	1-7-3
貴	2-5-7
起	3-7-3
軌	1-7-2
輝	1-6-9
飢	1-8-2
騎	1-10-8
鬼	2-6-4
亀	2-2-9
偽	1-2-9
儀	1-2-13
妓	1-3-4
宜	2-3-5
戯	1-11-4
技	1-3-4
擬	1-3-14
欺	1-8-4
犠	1-4-13
疑	1-7-7
祇	1-4-4
義	2-3-10
蟻	1-6-13
誼	1-7-8
議	1-7-13
掬	1-3-8
菊	2-3-8
鞠	1-9-8
吉	2-3-3
吃	1-3-3
喫	1-3-9
桔	1-4-6
橘	1-4-12
詰	1-7-6
砧	1-5-5
杵	1-4-4
黍	2-5-7
却	1-5-2
客	2-3-6
脚	1-4-7
虐	3-4-5
逆	3-3-6
丘	4-5-2
久	4-3-1
仇	1-2-2
休	1-2-4
及	4-3-1
吸	1-3-3
宮	2-3-7
弓	4-3-1
急	2-2-7
救	1-7-4
朽	1-4-2
求	4-7-3
汲	1-3-4
泣	1-3-5
灸	2-3-4
球	1-4-7
究	2-3-4
窮	2-3-12
笈	2-6-3
級	1-6-3
糾	1-6-3
給	1-6-6
旧	1-1-4
牛	4-4-3
去	2-3-2
居	3-3-5
巨	3-3-2
拒	1-3-5
拠	1-3-5
挙	2-4-6
渠	2-8-4
虚	3-4-7
許	1-7-4
距	1-7-5
鋸	1-8-8
漁	1-3-11
禦	2-12-5
魚	2-2-9
亨	2-2-5
享	2-2-6
京	2-2-6
供	1-2-6
侠	1-2-6
僑	1-2-12
兇	2-4-2
競	1-10-10
共	2-4-2
凶	3-2-2
協	1-2-6
匡	3-2-4
卿	1-3-9
叫	1-3-3
喬	2-4-8
境	1-3-11
峡	1-3-6
強	1-3-8
彊	1-3-13
怯	1-3-5
恐	2-6-4
恭	2-4-6
挟	1-3-6
教	1-7-4
橋	1-4-12
況	1-3-5
狂	1-3-4
狭	1-3-6
矯	1-5-12
胸	1-4-6
脅	2-2-8
興	2-14-2
蕎	2-3-12
郷	1-3-8
鏡	1-8-11
響	2-11-9
饗	2-13-9
驚	2-12-10
仰	1-2-4
凝	1-2-14
尭	2-2-6
暁	1-4-8
業	2-5-8
局	3-3-4
曲	4-6-2
極	1-4-9
玉	4-5-1
桐	1-4-6
粁	1-6-3
僅	1-2-10
勤	1-10-2
均	1-3-4
巾	4-3-3
錦	1-8-8
斤	3-2-2
欣	1-4-4
欽	1-8-4
琴	2-8-4
禁	2-8-5
禽	2-2-11
筋	2-6-6
緊	2-9-6
芹	2-3-4
菌	2-3-8
衿	1-5-4
襟	1-5-13
謹	1-7-10
近	3-3-4
金	2-2-6
吟	1-3-4
銀	1-8-6
九	4-2-4
倶	1-2-8
句	3-2-3
区	3-2-2
狗	1-3-5
玖	1-4-3
矩	1-5-5
苦	2-3-5
躯	1-7-4
駆	1-10-4
駈	1-10-5
駒	1-10-5
具	2-5-3
愚	2-9-4
虞	3-4-9
喰	1-3-9
空	2-3-5
偶	1-2-9
寓	2-3-9
遇	3-3-9
隅	1-3-9
串	4-7-3
櫛	1-4-13
釧	1-8-3
屑	3-3-7
屈	3-3-5
掘	1-3-8
窟	2-3-10
沓	2-4-4
靴	1-9-4
轡	2-19-3
窪	2-3-11
熊	2-10-4
隈	1-3-9
粂	2-3-6
栗	2-6-4
繰	1-6-13
桑	2-2-8
鍬	1-8-9
勲	2-11-4
君	3-4-3
薫	2-3-13
訓	1-7-3
群	1-7-6
軍	2-2-7
郡	1-7-3
卦	1-6-2
袈	2-5-6
祁	1-4-3
係	1-2-7
傾	1-2-11
刑	1-4-2
兄	2-3-2
啓	2-8-3
圭	2-3-3
珪	1-4-6
型	2-6-3
契	2-6-3
形	1-4-3
径	1-3-5
恵	2-6-4
慶	3-3-12
慧	2-8-7
憩	2-12-4
掲	1-3-8
携	1-3-10
敬	1-8-4
景	2-4-8
桂	1-4-6
渓	1-3-8
畦	1-5-6
稽	1-5-11
系	2-1-6
経	1-6-5
継	1-6-7
繋	2-11-6
罫	2-5-8
茎	2-3-5
荊	2-3-6
蛍	2-5-6
計	1-7-2
詣	1-7-6
警	2-12-7
軽	1-7-5
頚	1-5-9
鶏	1-8-11
芸	2-3-4
迎	3-3-4
鯨	1-11-8
劇	1-13-2
戟	1-8-4
撃	2-11-4
激	1-3-13
隙	1-3-10
桁	1-4-6
傑	1-2-11
欠	2-2-2
決	1-3-4
潔	1-3-12
穴	2-3-2
結	1-6-6
血	4-6-2
訣	1-7-4
月	3-2-2
件	1-2-4
倹	1-2-8
倦	1-2-9
健	1-2-9
兼	2-3-7
券	2-6-2
剣	1-8-2
喧	1-3-9
圏	3-3-9
堅	2-9-3
嫌	1-3-10
建	3-3-6
憲	2-3-13
懸	2-16-4
拳	2-6-4
捲	1-3-9
検	1-4-8
権	1-4-11
牽	2-2-9
犬	4-4-4
献	1-9-4
研	1-5-4
硯	1-5-7
絹	1-6-7
県	2-6-3
肩	2-1-7
見	2-5-2
謙	1-7-10
賢	2-9-7
軒	1-7-3
遣	3-3-10
鍵	1-8-9
険	1-3-8
顕	1-9-9
験	1-10-8
鹸	1-11-8
元	2-1-3
原	3-2-8
厳	3-5-12
幻	1-3-1
弦	1-3-5
減	1-3-9
源	1-3-10
玄	2-2-3
現	1-4-7
絃	1-6-5
舷	1-6-5
言	2-1-6
諺	1-7-9
限	1-3-6
乎	4-5-3
個	1-2-8
古	2-2-3
呼	1-3-5
固	3-3-5
姑	1-3-5
孤	1-3-6
己	4-3-1
庫	3-3-7
弧	1-3-6
戸	2-1-3
故	1-5-4
枯	1-4-5
湖	1-3-9
狐	1-3-6
糊	1-6-9
袴	1-5-6
股	1-4-4
胡	1-4-5
菰	2-3-9
虎	3-4-4
誇	1-7-6
跨	1-7-6
鈷	1-8-5
雇	2-1-11
顧	1-12-9
鼓	1-9-4
五	4-4-1
互	4-4-1
伍	1-2-4
午	2-2-2
呉	2-5-2
吾	2-4-3
娯	1-3-7
後	1-3-6
御	1-3-9
悟	1-3-7
梧	1-4-7
檎	1-4-13
瑚	1-4-9
碁	2-6-7
語	1-7-7
誤	1-7-7
護	1-7-13
醐	1-7-9
乞	2-2-1
鯉	1-11-7
交	2-2-4
佼	1-2-6
侯	1-2-7
候	1-2-8
倖	1-2-8
光	2-4-2
公	2-2-2
功	1-3-2
効	1-6-2
勾	3-2-2
厚	3-2-7
口	4-3-1
向	3-3-3
后	3-2-4
喉	1-3-9
坑	1-3-4
垢	1-3-6
好	1-3-3
孔	1-3-1
孝	3-4-3
宏	2-3-4
工	4-3-1
巧	1-3-2
巷	2-4-5
幸	2-3-5
広	3-3-2
庚	3-3-5
康	3-3-8
弘	1-3-2
恒	1-3-6
慌	1-3-9
抗	1-3-4
拘	1-3-5
控	1-3-8
攻	1-3-4
昂	2-4-4
晃	2-4-6
更	4-7-1
杭	1-4-4
校	1-4-6
梗	1-4-7
構	1-4-10
江	1-3-3
洪	1-3-6
浩	1-3-7
港	1-3-9
溝	1-3-10
甲	4-5-1
皇	2-5-4
硬	1-5-7
稿	1-5-10
糠	1-6-11
紅	1-6-3
紘	1-6-4
絞	1-6-6
綱	1-6-8
耕	1-6-4
考	3-4-2
肯	2-4-4
肱	1-4-4
腔	1-4-8
膏	2-2-12
航	1-6-4
荒	2-3-6
行	1-3-3
衡	1-3-13
講	1-7-10
貢	2-3-7
購	1-7-10
郊	1-6-3
酵	1-7-7
鉱	1-8-5
砿	1-5-5
鋼	1-8-8
閤	3-8-6
降	1-3-7
項	1-3-9
香	2-5-4
高	2-2-8
鴻	1-3-14
剛	1-8-2
劫	1-5-2
号	2-3-2
合	2-2-4
壕	1-3-14
拷	1-3-6
濠	1-3-14
豪	2-2-12
轟	2-7-14
麹	3-7-8
克	2-2-5
刻	1-6-2
告	2-4-3
国	3-3-5
穀	1-10-4
酷	1-7-7
鵠	1-7-11
黒	2-7-4
獄	1-3-11
漉	1-3-11
腰	1-4-9
甑	1-11-5
忽	2-4-4
惚	1-3-8
骨	2-6-4
狛	1-3-5
込	3-3-2
此	1-4-2
頃	1-2-9
今	2-2-2
困	3-3-4
坤	1-3-5
墾	2-13-3
婚	1-3-8
恨	1-3-6
懇	2-13-4
昏	2-4-4
昆	2-4-4
根	1-4-6
梱	1-4-7
混	1-3-8
痕	3-5-6
紺	1-6-5
艮	4-6-1
魂	1-4-10
些	2-6-2
佐	1-2-5
叉	4-3-1
唆	1-3-7
嵯	1-3-10
左	3-2-3
差	3-7-3
査	2-4-5
沙	1-3-4
瑳	1-4-10
砂	1-5-4
詐	1-7-5
鎖	1-8-10
裟	2-7-6
坐	4-7-2
座	3-3-7
挫	1-3-7
債	1-2-11
催	1-2-11
再	4-6-1
最	2-4-8
哉	3-6-3
塞	2-3-10
妻	2-5-3
宰	2-3-7
彩	1-8-3
才	4-3-3
採	1-3-8
栽	3-6-4
歳	2-4-9
済	1-3-8
災	2-3-4
采	2-4-4
犀	3-3-9
砕	1-5-4
砦	2-6-5
祭	2-6-5
斎	2-2-9
細	1-6-5
菜	2-3-8
裁	3-6-6
載	3-6-7
際	1-3-11
剤	1-8-2
在	3-2-4
材	1-4-3
罪	2-5-8
財	1-7-3
冴	1-2-5
坂	1-3-4
阪	1-3-4
堺	1-3-9
榊	1-4-9
肴	2-2-6
咲	1-3-6
崎	1-3-8
埼	1-3-8
碕	1-5-8
鷺	2-13-11
作	1-2-5
削	1-7-2
咋	1-3-5
搾	1-3-10
昨	1-4-5
朔	1-6-4
柵	1-4-5
窄	2-3-7
策	2-6-6
索	2-4-6
錯	1-8-8
桜	1-4-6
鮭	1-11-6
笹	2-6-5
匙	3-9-2
冊	4-5-1
刷	1-6-2
察	2-3-11
拶	1-3-6
撮	1-3-12
擦	1-3-14
札	1-4-1
殺	1-6-4
薩	2-3-14
雑	1-6-8
皐	2-5-6
鯖	1-11-8
捌	1-3-7
錆	1-8-8
鮫	1-11-6
皿	4-5-1
晒	1-4-6
三	2-1-2
傘	2-2-10
参	2-2-6
山	3-2-1
惨	1-3-8
撒	1-3-12
散	1-8-4
桟	1-4-6
燦	1-4-13
珊	1-4-5
産	3-6-5
算	2-6-8
纂	2-6-14
蚕	2-4-6
讃	1-7-15
賛	2-8-7
酸	1-7-7
餐	2-7-9
斬	1-7-4
暫	2-11-4
残	1-4-6
仕	1-2-3
仔	1-2-3
伺	1-2-5
使	1-2-6
刺	1-6-2
司	3-1-4
史	4-5-4
嗣	1-8-5
四	3-3-2
士	4-3-2
始	1-3-5
姉	1-3-5
姿	2-6-3
子	4-3-1
屍	3-3-6
市	2-2-3
師	1-6-4
志	2-3-4
思	2-5-4
指	1-3-6
支	2-2-2
孜	1-3-4
斯	1-8-4
施	1-4-5
旨	2-2-4
枝	1-4-4
止	3-2-2
死	4-6-1
氏	3-2-2
獅	1-3-10
祉	1-4-4
私	1-5-2
糸	2-3-3
紙	1-6-4
紫	2-6-6
肢	1-4-4
脂	1-4-6
至	2-3-3
視	1-4-7
詞	1-7-5
詩	1-7-6
試	1-7-6
誌	1-7-7
諮	1-7-9
資	2-6-7
賜	1-7-8
雌	1-4-10
飼	1-8-5
歯	2-4-8
事	4-8-3
似	1-2-5
侍	1-2-6
児	2-5-2
字	2-3-3
寺	2-3-3
慈	2-3-10
持	1-3-6
時	1-4-6
次	1-2-4
滋	1-3-9
治	1-3-5
爾	4-14-1
璽	2-14-5
痔	3-5-6
磁	1-5-9
示	2-1-4
而	2-2-4
耳	4-6-1
自	4-6-2
蒔	2-3-10
辞	1-6-7
汐	1-3-3
鹿	3-3-8
式	3-3-3
識	1-7-12
鴫	1-5-11
竺	2-6-2
軸	1-7-5
宍	2-3-4
雫	2-8-3
七	4-2-2
叱	1-3-2
執	1-8-3
失	4-5-4
嫉	1-3-10
室	2-3-6
悉	2-7-4
湿	1-3-9
漆	1-3-11
疾	3-5-5
質	2-8-7
実	2-3-5
蔀	2-3-11
篠	2-6-11
偲	1-2-9
柴	2-6-4
芝	2-3-3
屡	3-3-9
蕊	2-3-12
縞	1-6-10
舎	2-2-6
写	2-2-3
射	1-7-3
捨	1-3-8
赦	1-7-4
斜	1-7-4
煮	2-8-4
社	1-4-3
紗	1-6-4
者	3-4-4
謝	1-7-10
車	4-7-3
遮	3-3-11
蛇	1-6-5
邪	1-5-3
借	1-2-8
勺	3-2-1
尺	4-4-1
杓	1-4-3
灼	1-4-3
爵	2-4-13
酌	1-7-3
釈	1-7-4
錫	1-8-8
若	2-3-5
寂	2-3-8
弱	1-5-5
惹	2-3-9
主	2-1-4
取	1-6-2
守	2-3-3
手	4-4-3
朱	4-6-3
殊	1-4-6
狩	1-3-6
珠	1-4-6
種	1-5-9
腫	1-4-9
趣	3-7-8
酒	1-3-7
首	2-3-6
儒	1-2-14
受	2-4-4
呪	1-3-5
寿	4-7-4
授	1-3-8
樹	1-4-12
綬	1-6-8
需	2-8-6
囚	3-3-2
収	1-3-2
周	3-2-6
宗	2-3-5
就	1-8-4
州	1-2-4
修	1-2-8
愁	2-9-4
拾	1-3-6
洲	1-3-6
秀	2-5-2
秋	1-5-4
終	1-6-5
繍	1-6-11
習	2-6-5
臭	2-6-3
舟	4-6-4
蒐	2-3-10
衆	2-6-6
襲	2-16-6
讐	2-16-7
蹴	1-7-12
輯	1-7-9
週	3-3-8
酋	2-3-6
酬	1-7-6
集	2-8-4
醜	1-7-10
什	1-2-2
住	1-2-5
充	2-2-4
十	4-2-3
従	1-3-7
戎	3-4-2
柔	2-2-7
汁	1-3-2
渋	1-3-8
獣	1-12-4
縦	1-6-10
重	4-9-2
銃	1-8-6
叔	1-6-2
夙	3-2-4
宿	2-3-8
淑	1-3-8
祝	1-4-5
縮	1-6-11
粛	4-11-3
塾	2-11-3
熟	2-11-4
出	4-5-2
術	1-3-8
述	3-3-5
俊	1-2-7
峻	1-3-7
春	2-5-4
瞬	1-5-13
竣	1-5-7
舜	2-4-9
駿	1-10-7
准	1-2-8
循	1-3-9
旬	3-2-4
楯	1-4-9
殉	1-4-6
淳	1-3-8
準	2-11-2
潤	1-3-12
盾	3-2-7
純	1-6-4
巡	3-3-3
遵	3-3-12
醇	1-7-8
順	1-1-11
処	3-3-2
初	1-5-2
所	1-4-4
暑	2-4-8
曙	1-4-13
渚	1-3-8
庶	3-3-8
緒	1-6-8
署	2-5-8
書	2-6-4
薯	2-3-13
藷	2-3-15
諸	1-7-8
助	1-5-2
叙	1-7-2
女	4-3-4
序	3-3-4
徐	1-3-7
恕	2-6-4
鋤	1-8-7
除	1-3-7
傷	1-2-11
償	1-2-15
勝	1-4-8
匠	3-2-4
升	4-4-3
召	2-2-3
哨	1-3-7
商	2-2-9
唱	1-3-8
嘗	2-5-9
奨	2-10-3
妾	2-5-3
娼	1-3-8
宵	2-3-7
将	1-3-7
小	1-1-2
少	4-4-4
尚	2-3-5
庄	3-3-3
床	3-3-4
廠	3-3-12
彰	1-11-3
承	1-1-7
抄	1-3-4
招	1-3-5
掌	2-5-7
捷	1-3-8
昇	2-4-4
昌	2-4-4
昭	1-4-5
晶	2-4-8
松	1-4-4
梢	1-4-7
樟	1-4-11
樵	1-4-12
沼	1-3-5
消	1-3-7
渉	1-3-8
湘	1-3-9
焼	1-4-8
焦	2-8-4
照	2-9-4
症	3-5-5
省	2-4-5
硝	1-5-7
礁	1-5-12
祥	1-4-6
称	1-5-5
章	2-2-9
笑	2-6-4
粧	1-6-6
紹	1-6-5
肖	2-3-4
菖	2-3-8
蒋	2-3-10
蕉	2-3-12
衝	1-3-12
裳	2-5-9
訟	1-7-4
証	1-7-5
詔	1-7-5
詳	1-7-6
象	2-2-10
賞	2-5-10
醤	2-10-7
鉦	1-8-5
鍾	1-8-9
鐘	1-8-12
障	1-3-11
鞘	1-9-7
上	4-3-2
丈	4-3-4
丞	2-5-1
乗	4-9-3
冗	2-2-2
剰	1-9-2
城	1-3-6
場	1-3-9
壌	1-3-13
嬢	1-3-13
常	2-5-6
情	1-3-8
擾	1-3-15
条	2-3-4
杖	1-4-3
浄	1-3-6
状	1-3-4
畳	2-5-7
穣	1-5-13
蒸	2-3-10
譲	1-7-13
醸	1-7-13
錠	1-8-8
嘱	1-3-12
埴	1-3-8
飾	1-8-5
拭	1-3-6
植	1-4-8
殖	1-4-8
燭	1-4-13
織	1-6-12
職	1-6-12
色	2-2-4
触	1-7-6
食	2-2-7
蝕	1-8-6
辱	2-7-3
尻	3-3-2
伸	1-2-5
信	1-2-7
侵	1-2-7
唇	2-7-3
娠	1-3-7
寝	2-3-10
審	2-3-12
心	1-1-3
慎	1-3-10
振	1-3-7
新	1-9-4
晋	2-6-4
森	2-4-8
榛	1-4-10
浸	1-3-7
深	1-3-8
申	4-5-3
疹	3-5-5
真	2-2-8
神	1-4-5
秦	2-5-5
紳	1-6-5
臣	3-3-4
芯	2-3-4
薪	2-3-13
親	1-9-7
診	1-7-5
身	4-7-3
辛	2-2-5
進	3-3-8
針	1-8-2
震	2-8-7
人	4-2-4
仁	1-2-2
刃	3-1-2
塵	3-3-11
壬	4-4-2
尋	2-3-9
甚	2-6-3
尽	3-3-3
腎	2-9-4
訊	1-7-3
迅	3-3-3
陣	1-3-7
靭	1-9-3
笥	2-6-5
諏	1-7-8
須	1-3-9
酢	1-7-5
図	3-3-4
厨	3-2-10
逗	3-3-7
吹	1-3-4
垂	4-8-2
帥	1-6-3
推	1-3-8
水	1-1-3
炊	1-4-4
睡	1-5-8
粋	1-6-4
翠	2-6-8
衰	2-2-8
遂	3-3-9
酔	1-7-4
錐	1-8-8
錘	1-8-8
随	1-3-9
瑞	1-4-9
髄	1-10-9
崇	2-3-8
嵩	2-3-10
数	1-9-4
枢	1-4-4
趨	3-7-10
雛	1-10-8
据	1-3-8
杉	1-4-3
椙	1-4-8
菅	2-3-8
頗	1-5-9
雀	2-4-7
裾	1-5-8
澄	1-3-12
摺	1-3-11
寸	3-2-1
世	4-5-2
瀬	1-3-16
畝	1-7-3
是	2-4-5
凄	1-2-8
制	1-6-2
勢	2-11-2
姓	1-3-5
征	1-3-5
性	1-3-5
成	4-6-4
政	1-5-4
整	2-11-5
星	2-4-5
晴	1-4-8
棲	1-4-8
栖	1-4-6
正	4-5-1
清	1-3-8
牲	1-4-5
生	4-5-2
盛	2-6-5
精	1-6-8
聖	2-9-4
声	2-3-4
製	2-8-6
西	4-6-1
誠	1-7-6
誓	2-7-7
請	1-7-8
逝	3-3-7
醒	1-7-9
青	2-4-4
静	1-8-6
斉	2-2-6
税	1-5-7
脆	1-4-6
隻	2-8-2
席	3-3-7
惜	1-3-8
戚	4-11-4
斥	3-2-3
昔	2-4-4
析	1-4-4
石	3-2-3
積	1-5-11
籍	2-6-14
績	1-6-11
脊	2-6-4
責	2-4-7
赤	2-3-4
跡	1-7-6
蹟	1-7-11
碩	1-5-9
切	1-2-2
拙	1-3-5
接	1-3-8
摂	1-3-10
折	1-3-4
設	1-7-4
窃	2-3-6
節	2-6-7
説	1-7-7
雪	2-8-3
絶	1-6-6
舌	2-3-3
蝉	1-6-9
仙	1-2-3
先	2-4-2
千	4-3-3
占	2-2-3
宣	2-3-6
専	2-6-3
尖	2-3-3
川	1-1-2
戦	1-9-4
扇	2-1-9
撰	1-3-12
栓	1-4-6
栴	1-4-6
泉	2-5-4
浅	1-3-6
洗	1-3-6
染	2-5-4
潜	1-3-12
煎	2-3-10
煽	1-4-10
旋	1-4-7
穿	2-3-7
箭	2-6-9
線	1-6-9
繊	1-6-11
羨	2-3-10
腺	1-4-9
舛	1-3-4
船	1-6-5
薦	2-3-13
詮	1-7-6
賎	1-7-6
践	1-7-6
選	3-3-12
遷	3-3-12
銭	1-8-6
銑	1-8-6
閃	3-8-2
鮮	1-11-6
前	2-3-6
善	2-3-9
漸	1-3-11
然	2-8-4
全	2-2-4
禅	1-4-9
繕	1-6-12
膳	1-4-12
糎	1-6-9
噌	1-3-11
塑	2-10-3
岨	1-3-5
措	1-3-8
曾	2-2-10
曽	2-2-9
楚	2-8-5
狙	1-3-5
疏	1-5-7
疎	1-5-7
礎	1-5-13
祖	1-4-5
租	1-5-5
粗	1-6-5
素	2-4-6
組	1-6-5
蘇	2-3-16
訴	1-7-5
阻	1-3-5
遡	3-3-10
鼠	2-6-7
僧	1-2-11
創	1-10-2
双	1-2-2
叢	2-5-13
倉	2-2-8
喪	2-9-3
壮	1-3-3
奏	2-5-4
爽	4-11-4
宋	2-3-4
層	3-3-11
匝	3-2-3
惣	2-8-4
想	2-9-4
捜	1-3-7
掃	1-3-8
挿	1-3-7
掻	1-3-8
操	1-3-13
早	2-4-2
曹	2-7-4
巣	2-3-8
槍	1-4-10
槽	1-4-11
漕	1-3-11
燥	1-4-13
争	2-2-4
痩	3-5-10
相	1-4-5
窓	2-3-8
糟	1-6-11
総	1-6-8
綜	1-6-8
聡	1-6-8
草	2-3-6
荘	2-3-6
葬	2-3-9
蒼	2-3-10
藻	2-3-16
装	2-6-6
走	2-3-4
送	3-3-6
遭	3-3-11
鎗	1-8-10
霜	2-8-9
騒	1-10-8
像	1-2-12
増	1-3-11
憎	1-3-11
臓	1-4-15
蔵	2-3-12
贈	1-7-11
造	3-3-7
促	1-2-7
側	1-2-9
則	1-7-2
即	1-5-2
息	2-6-4
捉	1-3-7
束	4-7-3
測	1-3-9
足	2-3-4
速	3-3-7
俗	1-2-7
属	3-3-9
賊	1-7-6
族	1-4-7
続	1-6-7
卒	2-2-6
袖	1-5-5
其	2-6-2
揃	1-3-9
存	3-2-4
孫	1-3-7
尊	2-3-9
損	1-3-10
村	1-4-3
遜	3-3-10
他	1-2-3
多	2-3-3
太	2-3-1
汰	1-3-4
詑	1-7-5
唾	1-3-8
堕	2-9-3
妥	2-4-3
惰	1-3-9
打	1-3-2
柁	1-4-5
舵	1-6-5
楕	1-4-9
陀	1-3-5
駄	1-10-4
騨	1-10-9
体	1-2-5
堆	1-3-8
対	1-4-3
耐	1-6-3
岱	2-5-3
帯	2-5-5
待	1-3-6
怠	2-2-7
態	2-10-4
戴	3-5-12
替	2-8-4
泰	2-5-5
滞	1-3-10
胎	1-4-5
腿	1-4-9
苔	2-3-5
袋	2-5-6
貸	2-5-7
退	3-3-6
逮	3-3-8
隊	1-3-9
黛	2-5-11
鯛	1-11-8
代	1-2-3
台	2-2-3
大	4-3-4
第	2-6-5
醍	1-7-9
題	3-9-9
鷹	3-3-21
滝	1-3-10
瀧	1-3-16
卓	2-2-6
啄	1-3-7
宅	2-3-3
托	1-3-3
択	1-3-4
拓	1-3-5
沢	1-3-4
濯	1-3-14
琢	1-4-7
託	1-7-3
鐸	1-8-13
濁	1-3-13
諾	1-7-8
茸	2-3-6
凧	3-2-3
蛸	1-6-7
只	2-3-2
叩	1-3-2
但	1-2-5
達	3-3-9
辰	3-2-5
奪	2-3-11
脱	1-4-7
巽	2-6-6
竪	2-9-5
辿	3-3-3
棚	1-4-8
谷	2-2-5
狸	1-3-7
鱈	1-11-11
樽	1-4-12
誰	1-7-8
丹	4-4-1
単	2-3-6
嘆	1-3-10
坦	1-3-5
担	1-3-5
探	1-3-8
旦	2-4-1
歎	1-10-4
淡	1-3-8
湛	1-3-9
炭	2-3-6
短	1-5-7
端	1-5-9
箪	2-6-9
綻	1-6-8
耽	1-6-4
胆	1-4-5
蛋	2-5-6
誕	1-7-8
鍛	1-8-9
団	3-3-3
壇	1-3-13
弾	1-3-9
断	1-7-4
暖	1-4-9
檀	1-4-13
段	1-5-4
男	2-5-2
談	1-7-8
値	1-2-8
知	1-5-3
地	1-3-3
弛	1-3-3
恥	1-6-4
智	2-8-4
池	1-3-3
痴	3-5-8
稚	1-5-8
置	2-5-8
致	1-6-4
蜘	1-6-8
遅	3-3-9
馳	1-10-3
築	2-6-10
畜	2-2-8
竹	1-3-3
筑	2-6-6
蓄	2-3-10
逐	3-3-7
秩	1-5-5
窒	2-3-8
茶	2-3-6
嫡	1-3-11
着	3-7-5
中	4-4-3
仲	1-2-4
宙	2-3-5
忠	2-4-4
抽	1-3-5
昼	3-3-6
柱	1-4-5
注	1-3-5
虫	4-6-3
衷	2-5-4
註	1-7-5
酎	1-7-3
鋳	1-8-7
駐	1-10-5
樗	1-4-11
瀦	1-3-15
猪	1-3-8
苧	2-3-5
著	2-3-8
貯	1-7-5
丁	4-2-1
兆	1-3-3
凋	1-2-8
喋	1-3-9
寵	2-3-16
帖	1-3-5
帳	1-3-8
庁	3-3-2
弔	4-4-1
張	1-3-8
彫	1-8-3
徴	1-3-11
懲	2-14-4
挑	1-3-6
暢	1-5-9
朝	1-8-4
潮	1-3-12
牒	1-4-9
町	1-5-2
眺	1-5-6
聴	1-6-11
脹	1-4-8
腸	1-4-9
蝶	1-6-9
調	1-7-8
諜	1-7-9
超	3-7-5
跳	1-7-6
銚	1-8-6
長	2-5-3
頂	1-2-9
鳥	3-7-4
勅	1-7-2
捗	1-3-7
直	3-1-7
朕	1-4-6
沈	1-3-4
珍	1-4-5
賃	2-6-7
鎮	1-8-10
陳	1-3-8
津	1-3-6
墜	2-12-3
椎	1-4-8
槌	1-4-9
追	3-3-6
鎚	1-8-9
痛	3-5-7
通	3-3-7
塚	1-3-9
栂	1-4-5
掴	1-3-8
槻	1-4-11
佃	1-2-5
漬	1-3-11
柘	1-4-5
辻	3-3-2
蔦	2-3-11
綴	1-6-8
鍔	1-8-9
椿	1-4-9
潰	1-3-12
坪	1-3-5
壷	2-3-8
嬬	1-3-14
紬	1-6-5
爪	3-3-1
吊	2-3-3
釣	1-8-3
鶴	1-10-11
亭	2-2-7
低	1-2-5
停	1-2-9
偵	1-2-9
剃	1-7-2
貞	2-2-7
呈	2-3-4
堤	1-3-9
定	2-3-5
帝	2-2-7
底	3-3-5
庭	3-3-7
廷	3-3-4
弟	2-2-5
悌	1-3-7
抵	1-3-5
挺	1-3-7
提	1-3-9
梯	1-4-7
汀	1-3-2
碇	1-5-8
禎	1-4-9
程	1-5-7
締	1-6-9
艇	1-6-7
訂	1-7-2
諦	1-7-9
蹄	1-7-9
逓	3-3-7
邸	1-5-3
鄭	1-12-3
釘	1-8-2
鼎	4-13-1
泥	1-3-5
摘	1-3-11
擢	1-3-14
敵	1-11-4
滴	1-3-11
的	1-5-3
笛	2-6-5
適	3-3-11
鏑	1-8-11
溺	1-3-10
哲	2-7-3
徹	1-3-12
撤	1-3-12
轍	1-7-12
迭	3-3-5
鉄	1-8-5
典	2-6-2
填	1-3-10
天	4-4-1
展	3-3-7
店	3-3-5
添	1-3-8
纏	1-6-15
甜	1-6-5
貼	1-7-5
転	1-7-4
顛	1-10-9
点	2-2-7
伝	1-2-4
殿	1-9-4
澱	1-3-13
田	3-3-2
電	2-8-5
兎	4-8-4
吐	1-3-3
堵	1-3-8
塗	2-10-3
妬	1-3-5
屠	3-3-8
徒	1-3-7
斗	3-2-2
杜	1-4-3
渡	1-3-9
登	2-5-7
菟	2-3-8
賭	1-7-8
途	3-3-7
都	1-8-3
鍍	1-8-9
砥	1-5-5
砺	1-5-5
努	2-5-2
度	3-3-6
土	4-3-2
奴	1-3-2
怒	2-5-4
倒	1-2-8
党	2-5-5
冬	2-3-2
凍	1-2-8
刀	3-1-1
唐	3-3-7
塔	1-3-9
塘	1-3-10
套	2-3-7
宕	2-3-5
島	3-7-3
嶋	1-3-11
悼	1-3-8
投	1-3-4
搭	1-3-9
東	4-8-3
桃	1-4-6
梼	1-4-7
棟	1-4-8
盗	2-6-5
淘	1-3-8
湯	1-3-9
涛	1-3-7
灯	1-4-2
燈	1-4-12
当	2-3-3
痘	3-5-7
祷	1-4-7
等	2-6-6
答	2-6-6
筒	2-6-6
糖	1-6-10
統	1-6-6
到	1-6-2
董	2-3-9
蕩	2-3-12
藤	2-3-15
討	1-7-3
謄	1-4-13
豆	2-1-6
踏	1-7-8
逃	3-3-6
透	3-3-7
鐙	1-8-12
陶	1-3-8
頭	1-7-9
騰	1-4-16
闘	3-8-10
働	1-2-11
動	1-9-2
同	3-2-4
堂	2-5-6
導	2-12-3
憧	1-3-12
撞	1-3-12
洞	1-3-6
瞳	1-5-12
童	2-2-10
胴	1-4-6
萄	2-3-8
道	3-3-9
銅	1-8-6
峠	1-3-6
鴇	1-4-11
匿	3-2-8
得	1-3-8
徳	1-3-11
涜	1-3-7
特	1-4-6
督	2-8-5
禿	2-5-2
篤	2-6-10
毒	2-4-4
独	1-3-6
読	1-7-7
栃	1-4-5
橡	1-4-12
凸	4-5-1
突	2-3-5
椴	1-4-9
届	3-3-5
鳶	3-3-11
苫	2-3-5
寅	2-3-8
酉	4-7-1
瀞	1-3-14
噸	1-3-13
屯	4-4-3
惇	1-3-8
敦	1-8-4
沌	1-3-4
豚	1-4-7
遁	3-3-9
頓	1-4-9
呑	2-4-3
曇	2-4-12
鈍	1-8-4
奈	2-3-5
那	1-4-3
内	4-4-4
乍	4-5-3
凪	3-2-4
薙	2-3-13
謎	1-7-9
灘	1-3-18
捺	1-3-8
鍋	1-8-9
楢	1-4-9
馴	1-10-3
縄	1-6-9
畷	1-5-8
南	2-2-7
楠	1-4-9
軟	1-7-4
難	1-10-8
汝	1-3-3
二	2-1-1
尼	3-3-2
弐	3-4-2
迩	3-3-5
匂	3-2-2
賑	1-7-7
肉	3-4-2
虹	1-6-3
廿	4-4-2
日	3-3-1
乳	1-7-1
入	4-2-4
如	1-3-3
尿	3-3-4
韮	2-3-9
任	1-2-4
妊	1-3-4
忍	2-3-4
認	1-7-7
濡	1-3-14
禰	1-4-14
祢	1-4-5
寧	2-3-11
葱	2-3-9
猫	1-3-8
熱	2-11-4
年	2-2-4
念	2-2-6
捻	1-3-8
撚	1-3-12
燃	1-4-12
粘	1-6-5
乃	3-1-1
廼	3-3-6
之	4-3-4
埜	2-8-3
嚢	2-7-15
悩	1-3-7
濃	1-3-13
納	1-6-4
能	1-6-4
脳	1-4-7
膿	1-4-13
農	2-6-7
覗	1-5-7
蚤	2-4-6
巴	4-4-1
把	1-3-4
播	1-3-12
覇	2-6-13
杷	1-4-4
波	1-3-5
派	1-3-6
琶	2-8-4
破	1-5-5
婆	2-8-3
罵	2-5-10
芭	2-3-4
馬	3-6-4
俳	1-2-8
廃	3-3-9
拝	1-3-5
排	1-3-8
敗	1-7-4
杯	1-4-4
盃	2-4-5
牌	1-4-8
背	2-5-4
肺	1-4-5
輩	2-8-7
配	1-7-3
倍	1-2-8
培	1-3-8
媒	1-3-9
梅	1-4-6
楳	1-4-9
煤	1-4-9
狽	1-3-7
買	2-5-7
売	2-3-4
賠	1-7-8
陪	1-3-8
這	3-3-7
蝿	1-6-9
秤	1-5-5
矧	1-5-4
萩	2-3-9
伯	1-2-5
剥	1-8-2
博	1-2-10
拍	1-3-5
柏	1-4-5
泊	1-3-5
白	4-5-2
箔	2-6-8
粕	1-6-5
舶	1-6-5
薄	2-3-13
迫	3-3-5
曝	1-4-15
漠	1-3-10
爆	1-4-15
縛	1-6-10
莫	2-3-7
駁	1-10-4
麦	2-4-3
函	3-2-6
箱	2-6-9
硲	1-5-7
箸	2-6-9
肇	2-8-6
筈	2-6-6
櫨	1-4-16
幡	1-3-12
肌	1-4-2
畑	1-4-5
畠	2-5-5
八	1-1-1
鉢	1-8-5
溌	1-3-9
発	2-5-4
醗	1-7-9
髪	2-10-4
伐	1-2-4
罰	2-5-9
抜	1-3-4
筏	2-6-6
閥	3-8-6
鳩	1-2-11
噺	1-3-13
塙	1-3-10
蛤	1-6-6
隼	2-8-2
伴	1-2-5
判	1-5-2
半	4-5-3
反	3-2-2
叛	1-5-4
帆	1-3-3
搬	1-3-10
斑	1-4-8
板	1-4-4
氾	1-3-2
汎	1-3-3
版	1-4-4
犯	1-3-2
班	1-4-6
畔	1-5-5
繁	2-10-6
般	1-6-4
藩	2-3-15
販	1-7-4
範	2-6-9
釆	4-7-3
煩	1-4-9
頒	1-4-9
飯	1-8-4
挽	1-3-7
晩	1-4-8
番	2-7-5
盤	2-10-5
磐	2-10-5
蕃	2-3-12
蛮	2-2-10
匪	3-2-8
卑	2-6-3
否	2-4-3
妃	1-3-3
庇	3-3-4
彼	1-3-5
悲	2-8-4
扉	2-1-11
批	1-3-4
披	1-3-5
斐	2-8-4
比	1-2-2
泌	1-3-5
疲	3-5-5
皮	3-3-2
碑	1-5-9
秘	1-5-5
緋	1-6-8
罷	2-5-10
肥	1-4-4
被	1-5-5
誹	1-7-8
費	2-5-7
避	3-3-13
非	1-4-4
飛	4-9-1
樋	1-4-10
簸	2-6-13
備	1-2-10
尾	3-3-4
微	1-3-10
枇	1-4-4
毘	2-5-4
琵	2-8-4
眉	3-4-5
美	2-3-6
鼻	2-6-8
柊	1-4-5
稗	1-5-9
匹	3-2-2
疋	4-5-1
髭	2-10-6
彦	3-6-3
膝	1-4-11
菱	2-3-8
肘	1-4-3
弼	1-3-9
必	1-1-4
畢	2-5-6
筆	2-6-6
逼	3-3-9
桧	1-4-6
姫	1-3-7
媛	1-3-9
紐	1-6-4
百	2-2-4
謬	1-7-11
俵	1-2-8
彪	3-8-3
標	1-4-11
氷	1-2-3
漂	1-3-11
瓢	1-11-6
票	2-6-5
表	2-4-4
評	1-7-5
豹	1-7-3
廟	3-3-12
描	1-3-8
病	3-5-5
秒	1-5-4
苗	2-3-5
錨	1-8-8
鋲	1-8-7
蒜	2-3-10
蛭	1-6-6
鰭	1-11-10
品	2-3-6
彬	1-4-7
斌	1-4-8
浜	1-3-7
瀕	1-3-17
貧	2-2-9
賓	2-3-12
頻	1-8-9
敏	1-6-4
瓶	1-6-5
不	4-4-1
付	1-2-3
埠	1-3-8
夫	4-4-4
婦	1-3-8
富	2-3-9
冨	2-2-9
布	3-2-3
府	3-3-5
怖	1-3-5
扶	1-3-4
敷	1-11-4
斧	2-4-4
普	2-3-9
浮	1-3-7
父	2-2-2
符	2-6-5
腐	3-3-11
膚	3-4-11
芙	2-3-4
譜	1-7-12
負	2-2-7
賦	1-7-8
赴	3-7-2
阜	2-6-2
附	1-3-5
侮	1-2-6
撫	1-3-12
武	3-4-4
舞	2-2-13
葡	2-3-9
蕪	2-3-12
部	1-8-3
封	1-6-3
楓	1-4-9
風	3-2-7
葺	2-3-9
蕗	2-3-13
伏	1-2-4
副	1-9-2
復	1-3-9
幅	1-3-9
服	1-4-4
福	1-4-9
腹	1-4-9
複	1-5-9
覆	2-6-12
淵	1-3-9
弗	4-5-4
払	1-3-2
沸	1-3-5
仏	1-2-2
物	1-4-4
鮒	1-11-5
分	2-2-2
吻	1-3-4
噴	1-3-12
墳	1-3-12
憤	1-3-12
扮	1-3-4
焚	2-8-4
奮	2-3-13
粉	1-6-4
糞	2-6-11
紛	1-6-4
雰	2-8-4
文	2-2-2
聞	3-8-6
丙	4-5-1
併	1-2-6
兵	2-5-2
塀	1-3-9
幣	2-12-3
平	4-5-1
弊	2-12-3
柄	1-4-5
並	2-3-5
蔽	2-3-12
閉	3-8-3
陛	1-3-7
米	4-6-3
頁	2-2-7
僻	1-2-13
壁	2-13-3
癖	3-5-13
碧	2-9-5
別	1-5-2
瞥	2-12-5
蔑	2-3-11
箆	2-6-8
偏	1-2-9
変	2-2-7
片	4-4-4
篇	2-6-9
編	1-6-9
辺	3-3-2
返	3-3-4
遍	3-3-9
便	1-2-7
勉	3-8-2
娩	1-3-8
弁	2-2-3
鞭	1-9-9
保	1-2-7
舗	1-8-7
鋪	1-8-7
圃	3-3-7
捕	1-3-7
歩	2-4-4
甫	4-7-3
補	1-5-7
輔	1-7-7
穂	1-5-10
募	2-3-9
墓	2-3-10
慕	2-3-11
戊	4-5-4
暮	2-3-11
母	4-5-1
簿	2-6-13
菩	2-3-8
倣	1-2-8
俸	1-2-8
包	3-2-3
呆	2-3-4
報	1-8-4
奉	2-5-3
宝	2-3-5
峰	1-3-7
峯	2-3-7
崩	2-3-8
庖	3-3-5
抱	1-3-5
捧	1-3-8
放	1-4-4
方	2-2-2
朋	1-4-4
法	1-3-5
泡	1-3-5
烹	2-2-9
砲	1-5-5
縫	1-6-10
胞	1-4-5
芳	2-3-4
萌	2-3-8
蓬	2-3-10
蜂	1-6-7
褒	2-2-13
訪	1-7-4
豊	2-6-7
邦	1-4-3
鋒	1-8-7
飽	1-8-5
鳳	3-2-12
鵬	1-4-15
乏	2-1-3
亡	4-3-2
傍	1-2-10
剖	1-8-2
坊	1-3-4
妨	1-3-4
帽	1-3-9
忘	2-2-5
忙	1-3-3
房	2-1-7
暴	2-4-11
望	2-7-4
某	2-5-4
棒	1-4-8
冒	2-4-5
紡	1-6-4
肪	1-4-4
膨	1-4-12
謀	1-7-9
貌	1-7-7
貿	2-5-7
鉾	1-8-6
防	1-3-4
吠	1-3-4
頬	1-6-9
北	1-3-2
僕	1-2-12
卜	4-2-4
墨	2-7-7
撲	1-3-12
朴	1-4-2
牧	1-4-4
睦	1-5-8
穆	1-5-11
釦	1-8-3
勃	1-7-2
没	1-3-4
殆	1-4-5
堀	1-3-8
幌	1-3-10
奔	2-3-5
本	4-5-3
翻	1-12-6
凡	3-2-1
盆	2-2-7
摩	3-3-12
磨	3-3-13
魔	3-3-18
麻	3-3-8
埋	1-3-7
妹	1-3-5
昧	1-4-5
枚	1-4-4
毎	2-2-4
哩	1-3-7
槙	1-4-10
幕	2-3-10
膜	1-4-10
枕	1-4-4
鮪	1-11-6
柾	1-4-5
鱒	1-11-12
桝	1-4-7
亦	2-2-4
俣	1-2-7
又	4-2-1
抹	1-3-5
末	4-5-3
沫	1-3-5
迄	3-3-3
侭	1-2-6
繭	2-3-15
麿	3-3-15
万	3-2-1
慢	1-3-11
満	1-3-9
漫	1-3-11
蔓	2-3-11
味	1-3-5
未	4-5-3
魅	3-8-7
巳	4-3-1
箕	2-6-8
岬	1-3-5
密	2-3-8
蜜	2-3-11
湊	1-3-9
蓑	2-3-10
稔	1-5-8
脈	1-4-6
妙	1-3-4
粍	1-6-4
民	3-3-2
眠	1-5-5
務	1-5-6
夢	2-3-10
無	2-2-10
牟	2-2-4
矛	2-2-3
霧	2-8-11
鵡	1-8-11
椋	1-4-8
婿	1-3-9
娘	1-3-7
冥	2-2-8
名	2-3-3
命	2-2-6
明	1-4-4
盟	2-8-5
迷	3-3-6
銘	1-8-6
鳴	1-3-11
姪	1-3-6
牝	1-4-2
滅	1-3-10
免	2-2-6
棉	1-4-8
綿	1-6-8
緬	1-6-9
面	2-2-7
麺	3-7-9
摸	1-3-10
模	1-4-10
茂	2-3-5
妄	2-2-4
孟	2-3-5
毛	4-4-3
猛	1-3-8
盲	2-2-6
網	1-6-8
耗	1-6-4
蒙	2-3-10
儲	1-2-15
木	4-4-3
黙	2-11-4
目	3-3-2
杢	2-4-3
勿	3-2-2
餅	1-8-6
尤	3-3-1
戻	2-1-6
籾	1-6-3
貰	2-5-7
問	3-8-3
悶	3-8-4
紋	1-6-4
門	1-4-4
匁	4-4-4
也	4-3-2
冶	1-2-5
夜	2-2-6
爺	2-4-9
耶	1-6-3
野	1-7-4
弥	1-3-5
矢	2-2-3
厄	3-2-2
役	1-3-4
約	1-6-3
薬	2-3-13
訳	1-7-4
躍	1-7-14
靖	1-5-8
柳	1-4-5
薮	2-3-13
鑓	1-8-13
愉	1-3-9
愈	2-2-11
油	1-3-5
癒	3-5-13
諭	1-7-9
輸	1-7-9
唯	1-3-8
佑	1-2-5
優	1-2-15
勇	2-2-7
友	3-2-2
宥	2-3-6
幽	3-2-7
悠	2-7-4
憂	2-2-13
揖	1-3-9
有	3-2-4
柚	1-4-5
湧	1-3-9
涌	1-3-7
猶	1-3-9
猷	1-9-4
由	4-5-2
祐	1-4-5
裕	1-5-7
誘	1-7-7
遊	3-3-9
邑	2-3-4
郵	1-8-3
雄	1-4-8
融	1-10-6
夕	4-3-1
予	2-2-2
余	2-2-5
与	4-3-4
誉	2-4-9
輿	2-15-2
預	1-4-9
傭	1-2-11
幼	1-3-2
妖	1-3-4
容	2-3-7
庸	3-3-8
揚	1-3-9
揺	1-3-9
擁	1-3-13
曜	1-4-14
楊	1-4-9
様	1-4-10
洋	1-3-6
溶	1-3-10
熔	1-4-10
用	3-2-3
窯	2-3-12
羊	2-3-3
耀	1-6-14
葉	2-3-9
蓉	2-3-10
要	2-6-3
謡	1-7-9
踊	1-7-7
遥	3-3-9
陽	1-3-9
養	2-3-12
慾	2-11-4
抑	1-3-4
欲	1-7-4
沃	1-3-4
浴	1-3-7
翌	2-6-5
翼	2-6-11
淀	1-3-8
羅	2-5-14
螺	1-6-11
裸	1-5-8
来	4-7-3
莱	2-3-7
頼	1-7-9
雷	2-8-5
洛	1-3-6
絡	1-6-6
落	2-3-9
酪	1-7-6
乱	1-6-1
卵	1-4-3
嵐	2-3-9
欄	1-4-16
濫	1-3-15
藍	2-3-15
蘭	2-3-16
覧	2-10-7
利	1-5-2
吏	4-6-4
履	3-3-12
李	2-4-3
梨	2-7-4
理	1-4-7
璃	1-4-10
痢	3-5-7
裏	2-2-11
裡	1-5-7
里	4-7-1
離	1-10-8
陸	1-3-8
律	1-3-6
率	2-2-9
立	2-2-3
葎	2-3-9
掠	1-3-8
略	1-5-6
劉	1-13-2
流	1-3-7
溜	1-3-10
琉	1-4-7
留	2-5-5
硫	1-5-7
粒	1-6-5
隆	1-3-8
竜	2-2-8
龍	1-9-7
侶	1-2-7
慮	3-4-11
旅	1-4-6
虜	3-4-9
了	4-2-1
亮	2-2-7
僚	1-2-12
両	4-6-1
凌	1-2-8
寮	2-3-12
料	1-6-4
梁	2-7-4
涼	1-3-8
猟	1-3-8
療	3-5-12
瞭	1-5-12
稜	1-5-8
糧	1-6-12
良	4-7-4
諒	1-7-8
遼	3-3-12
量	2-4-8
陵	1-3-8
領	1-5-9
力	4-2-4
緑	1-6-8
倫	1-2-8
厘	3-2-7
林	1-4-4
淋	1-3-8
燐	1-4-13
琳	1-4-8
臨	1-7-11
輪	1-7-8
隣	1-3-13
鱗	1-11-13
麟	3-3-21
瑠	1-4-10
塁	2-5-7
涙	1-3-7
累	2-5-6
類	1-9-9
令	2-2-3
伶	1-2-5
例	1-2-6
冷	1-2-5
励	1-5-2
嶺	2-3-14
怜	1-3-5
玲	1-4-5
礼	1-4-1
苓	2-3-5
鈴	1-8-5
隷	1-8-8
零	2-8-5
霊	2-8-7
麗	2-2-17
齢	1-12-5
暦	3-2-12
歴	3-2-12
列	1-4-2
劣	2-4-2
烈	2-6-4
裂	2-6-6
廉	3-3-10
恋	2-2-8
憐	1-3-13
漣	1-3-10
煉	1-4-8
簾	2-6-13
練	1-6-8
聯	1-6-11
蓮	3-3-10
連	3-3-7
錬	1-8-8
呂	2-3-4
魯	2-2-13
櫓	1-4-15
炉	1-4-4
賂	1-7-6
路	1-7-6
露	2-8-13
労	2-5-2
婁	2-8-3
廊	3-3-9
弄	2-4-3
朗	1-6-4
楼	1-4-9
榔	1-4-9
浪	1-3-7
漏	1-3-11
牢	2-3-4
狼	1-3-7
篭	2-6-10
老	3-4-2
聾	2-16-6
蝋	1-6-8
郎	1-6-3
六	2-2-2
麓	2-8-11
禄	1-4-8
肋	1-4-2
録	1-8-8
論	1-7-8
倭	1-2-8
和	1-5-3
話	1-7-6
歪	2-4-5
賄	1-7-6
脇	1-4-6
惑	2-8-4
枠	1-4-4
鷲	2-12-11
亙	4-6-1
亘	2-1-5
鰐	1-11-9
詫	1-7-6
藁	2-3-14
蕨	2-3-12
椀	1-4-8
湾	1-3-9
碗	1-5-8
腕	1-4-8
弌	3-3-1
丐	4-4-1
丕	2-4-1
个	2-2-1
丱	1-2-3
丶	4-1-4
丼	4-5-4
丿	4-1-4
乂	4-2-4
乖	4-8-3
乘	4-10-3
亂	1-12-1
亅	4-1-4
豫	1-4-12
亊	4-7-3
舒	1-8-4
弍	3-3-2
于	4-3-1
亞	4-8-1
亟	2-7-1
亠	4-2-2
亢	2-2-2
亰	2-2-7
亳	2-2-8
亶	2-2-11
从	1-2-2
仍	1-2-2
仄	3-2-2
仆	1-2-2
仂	1-2-2
仗	1-2-3
仞	1-2-3
仭	1-2-3
仟	1-2-3
价	1-2-4
伉	1-2-4
佚	1-2-5
估	1-2-5
佛	1-2-5
佝	1-2-5
佗	1-2-5
佇	1-2-5
佶	1-2-6
侈	1-2-6
侏	1-2-6
侘	1-2-6
佻	1-2-6
佩	1-2-6
佰	1-2-6
侑	1-2-6
佯	1-2-6
來	4-8-3
侖	2-2-6
儘	1-2-14
俔	1-2-7
俟	1-2-7
俎	1-4-5
俘	1-2-7
俛	1-2-7
俑	1-2-7
俚	1-2-7
俐	1-2-7
俤	1-2-7
俥	1-2-7
倚	1-2-8
倨	1-2-8
倔	1-2-8
倪	1-2-8
倥	1-2-8
倅	1-2-8
伜	1-2-4
俶	1-2-8
倡	1-2-8
倩	1-2-8
倬	1-2-8
俾	1-2-8
俯	1-2-8
們	1-2-8
倆	1-2-8
偃	1-2-9
假	1-2-9
會	2-2-11
偕	1-2-9
偐	1-2-9
偈	1-2-9
做	1-2-9
偖	1-2-9
偬	1-2-9
偸	1-2-9
傀	1-2-10
傚	1-2-10
傅	1-2-10
傴	1-2-11
傲	1-2-11
僉	2-2-11
僊	1-2-11
傳	1-2-11
僂	1-2-11
僖	1-2-12
僞	1-2-12
僥	1-2-12
僭	1-2-14
僣	1-2-12
僮	1-2-12
價	1-2-13
僵	1-2-13
儉	1-2-13
儁	1-2-12
儂	1-2-13
儖	1-2-15
儕	1-2-14
儔	1-2-14
儚	1-2-13
儡	1-2-15
儺	1-2-19
儷	1-2-19
儼	1-2-20
儻	1-2-20
儿	1-1-1
兀	4-3-1
兒	2-6-2
兌	2-2-5
兔	2-2-6
兢	1-7-7
竸	1-11-11
兩	4-8-1
兪	2-2-7
兮	2-2-2
冀	2-5-11
冂	4-2-1
囘	3-2-3
册	4-5-1
冉	4-5-4
冏	3-2-5
冑	2-5-4
冓	2-5-5
冕	2-2-9
冖	4-2-1
冤	2-2-8
冦	2-2-8
冢	2-2-8
冩	2-2-12
冪	2-2-13
冫	2-1-1
决	1-2-4
冱	1-2-4
冲	1-2-4
冰	1-2-4
况	1-2-5
冽	1-2-6
凅	1-2-8
凉	1-2-8
凛	1-2-13
几	4-2-1
處	3-4-7
凩	3-2-4
凭	2-6-2
凰	3-2-9
凵	4-2-2
凾	3-2-7
刄	4-3-1
刋	1-3-2
刔	1-4-2
刎	1-4-2
刧	1-5-2
刪	1-5-2
刮	1-6-2
刳	1-6-2
刹	1-6-2
剏	1-6-3
剄	1-7-2
剋	3-7-2
剌	1-7-2
剞	1-8-2
剔	1-8-2
剪	2-3-8
剴	1-10-2
剩	1-10-2
剳	1-9-2
剿	1-11-2
剽	1-11-2
劍	1-13-2
劔	1-13-3
劒	1-13-3
剱	1-8-3
劈	2-13-2
劑	1-14-2
辨	1-7-9
辧	1-7-9
劬	1-5-2
劭	1-5-2
劼	1-6-2
劵	2-6-2
勁	1-7-2
勍	1-8-2
勗	2-4-7
勞	2-8-4
勣	1-11-2
勦	1-11-2
飭	1-9-4
勠	1-11-2
勳	1-14-2
勵	1-14-2
勸	1-17-2
勹	4-2-4
匆	3-2-3
匈	3-2-4
甸	3-2-5
匍	3-2-7
匐	3-2-9
匏	1-6-5
匕	3-1-1
匚	4-2-1
匣	3-2-5
匯	3-2-11
匱	3-2-12
匳	3-2-13
匸	4-2-1
區	3-2-9
卆	2-2-2
卅	4-4-4
丗	4-5-2
卉	2-2-3
卍	4-6-1
凖	2-10-2
卞	2-2-2
卩	4-2-1
卮	3-2-3
夘	1-3-2
卻	1-7-2
卷	2-6-2
厂	4-2-1
厖	3-2-7
厠	3-2-9
厦	3-2-10
厥	3-2-10
厮	3-2-12
厰	3-2-12
厶	4-2-4
參	2-2-9
簒	2-6-11
雙	2-16-2
叟	2-8-2
曼	2-4-7
燮	2-15-2
叮	1-3-2
叨	1-3-2
叭	1-3-2
叺	1-3-2
吁	1-3-3
吽	1-3-4
呀	1-3-5
听	1-3-4
吭	1-3-4
吼	1-3-4
吮	1-3-4
吶	1-3-4
吩	1-3-4
吝	2-2-5
呎	1-3-4
咏	1-3-5
呵	1-3-5
咎	2-5-3
呟	1-3-5
呱	1-3-6
呷	1-3-5
呰	2-6-3
咒	2-6-2
呻	1-3-5
咀	1-3-5
呶	1-3-5
咄	1-3-5
咐	1-3-5
咆	1-3-5
哇	1-3-6
咢	2-6-3
咸	4-9-4
咥	1-3-6
咬	1-3-6
哄	1-3-6
哈	1-3-6
咨	2-6-3
咫	3-4-5
哂	1-3-6
咤	1-3-6
咾	1-3-6
咼	3-6-3
哘	1-3-6
哥	2-5-5
哦	1-3-7
唏	1-3-7
唔	1-3-7
哽	1-3-7
哮	1-3-7
哭	2-6-4
哺	1-3-7
哢	1-3-7
唹	1-3-8
啀	1-3-8
啣	1-3-9
啌	1-3-8
售	2-8-3
啜	1-3-8
啅	1-3-8
啖	1-3-8
啗	1-3-8
唸	1-3-8
唳	1-3-7
啝	1-3-8
喙	1-3-9
喀	1-3-9
咯	1-3-6
喊	1-3-9
喟	1-3-9
啻	2-2-10
啾	1-3-9
喘	1-3-9
喞	1-3-9
單	2-6-6
啼	1-3-9
喃	1-3-9
喩	1-3-9
喇	1-3-9
喨	1-3-9
嗚	1-3-10
嗅	1-3-10
嗟	1-3-10
嗄	1-3-10
嗜	1-3-10
嗤	1-3-10
嗔	1-3-10
嘔	1-3-11
嗷	1-3-11
嘖	1-3-11
嗾	1-3-11
嗽	1-3-11
嘛	1-3-11
嗹	1-3-11
噎	1-3-12
噐	2-6-9
營	2-8-9
嘴	1-3-13
嘶	1-3-12
嘲	1-3-12
嘸	1-3-12
噫	1-3-13
噤	1-3-13
嘯	1-3-13
噬	1-3-13
噪	1-3-13
嚆	1-3-13
嚀	1-3-14
嚊	1-3-14
嚠	1-3-15
嚔	1-3-14
嚏	1-3-14
嚥	1-3-16
嚮	2-13-6
嚶	1-3-17
嚴	2-6-14
囂	2-6-15
嚼	1-3-18
囁	1-3-18
囃	1-3-18
囀	1-3-18
囈	1-3-18
囎	1-3-19
囑	1-3-21
囓	1-3-21
囗	4-3-1
囮	3-3-4
囹	3-3-5
圀	3-3-6
囿	3-3-6
圄	3-3-7
圉	3-3-8
圈	3-3-8
國	3-3-8
圍	3-3-10
圓	3-3-10
團	3-3-11
圖	3-3-11
嗇	2-7-6
圜	3-3-13
圦	1-3-2
圷	1-3-3
圸	1-3-3
坎	1-3-4
圻	1-3-4
址	1-3-4
坏	1-3-4
坩	1-3-5
埀	4-10-2
垈	2-5-3
坡	1-3-5
坿	1-3-5
垉	1-3-5
垓	1-3-6
垠	1-3-6
垳	1-3-6
垤	1-3-6
垪	1-3-6
垰	1-3-6
埃	1-3-7
埆	1-3-7
埔	1-3-7
埒	1-3-7
埓	1-3-7
堊	2-8-3
埖	1-3-7
埣	1-3-8
堋	1-3-8
堙	1-3-9
堝	1-3-9
塲	1-3-11
堡	2-9-3
塢	1-3-10
塋	2-8-5
塰	2-10-3
毀	1-9-4
塒	1-3-10
堽	1-3-9
塹	2-11-3
墅	2-11-3
墹	1-3-12
墟	1-3-12
墫	1-3-12
墺	1-3-13
壞	1-3-16
墻	1-3-13
墸	1-3-12
墮	2-12-3
壅	2-2-14
壓	3-2-15
壑	2-14-3
壗	1-3-14
壙	1-3-15
壘	2-5-13
壥	1-3-17
壜	1-3-16
壤	1-3-17
壟	2-16-3
壯	1-4-3
壺	2-3-9
壹	2-3-9
壻	1-3-9
壼	2-3-10
壽	2-3-11
夂	4-3-1
夊	4-3-1
夐	2-2-12
夛	2-3-3
梦	2-8-3
夥	1-8-6
夬	4-4-4
夭	4-4-4
夲	2-3-2
夸	2-3-3
夾	4-7-4
竒	2-5-4
奕	2-2-7
奐	2-2-7
奎	2-3-6
奚	2-4-6
奘	2-7-3
奢	2-3-9
奠	2-2-10
奧	2-10-3
奬	2-11-3
奩	2-3-11
奸	1-3-3
妁	1-3-3
妝	1-4-3
佞	1-2-5
侫	1-2-6
妣	1-3-4
妲	1-3-5
姆	1-3-5
姨	1-3-6
姜	2-3-6
妍	1-3-4
姙	1-3-6
姚	1-3-6
娥	1-3-7
娟	1-3-7
娑	2-7-3
娜	1-3-7
娉	1-3-7
娚	1-3-7
婀	1-3-8
婬	1-3-8
婉	1-3-8
娵	1-3-8
娶	2-8-3
婢	1-3-8
婪	2-8-3
媚	1-3-9
媼	1-3-10
媾	1-3-10
嫋	1-3-10
嫂	1-3-10
媽	1-3-10
嫣	1-3-11
嫗	1-3-11
嫦	1-3-11
嫩	1-3-11
嫖	1-3-11
嫺	1-3-12
嫻	1-3-12
嬌	1-3-12
嬋	1-3-12
嬖	2-13-3
嬲	1-7-10
嫐	1-3-10
嬪	1-3-14
嬶	1-3-14
嬾	1-3-16
孃	1-3-17
孅	1-3-17
孀	1-3-17
孑	4-3-1
孕	2-2-3
孚	2-4-3
孛	2-4-3
孥	2-5-3
孩	1-3-6
孰	1-8-3
孳	2-3-9
孵	1-4-10
學	2-13-3
斈	2-2-5
孺	1-3-14
宀	4-3-4
它	2-3-2
宦	2-3-7
宸	2-3-7
寃	2-3-8
寇	2-3-8
寉	2-3-8
寔	2-3-9
寐	2-3-9
寤	2-3-11
實	2-3-11
寢	2-3-11
寞	2-3-10
寥	2-3-11
寫	2-3-12
寰	2-3-13
寶	2-3-17
寳	2-3-16
尅	3-7-3
將	1-4-7
專	2-8-3
對	1-11-3
尓	2-2-3
尠	1-9-4
尢	3-2-1
尨	3-4-3
尸	4-3-1
尹	4-4-1
屁	3-3-4
屆	3-3-5
屎	3-3-6
屓	3-3-7
屐	3-3-7
屏	3-3-6
孱	3-3-9
屬	3-3-18
屮	4-3-3
乢	1-3-1
屶	2-3-2
屹	1-3-3
岌	2-3-4
岑	2-3-4
岔	2-2-5
妛	2-3-4
岫	1-3-5
岻	1-3-5
岶	1-3-5
岼	1-3-5
岷	1-3-5
峅	1-3-5
岾	1-3-5
峇	2-3-6
峙	1-3-6
峩	2-3-7
峽	1-3-7
峺	1-3-7
峭	1-3-7
嶌	2-3-11
峪	1-3-7
崋	2-3-7
崕	1-3-8
崗	2-3-8
嵜	2-3-9
崟	2-3-8
崛	1-3-8
崑	2-3-8
崔	2-3-8
崢	1-3-8
崚	1-3-8
崙	2-3-8
崘	1-3-8
嵌	2-3-9
嵒	2-3-9
嵎	1-3-9
嵋	1-3-9
嵬	2-3-10
嵳	2-3-10
嵶	1-3-10
嶇	1-3-11
嶄	2-3-11
嶂	1-3-11
嶢	1-3-12
嶝	1-3-12
嶬	1-3-13
嶮	1-3-13
嶽	2-3-14
嶐	2-3-11
嶷	2-3-14
嶼	1-3-13
巉	1-3-17
巍	2-3-18
巓	2-3-19
巒	2-19-3
巖	2-3-20
巛	1-1-2
巫	4-7-1
已	4-3-1
巵	3-2-5
帋	2-4-3
帚	2-3-5
帙	1-3-5
帑	2-5-3
帛	2-5-3
帶	2-6-5
帷	1-3-8
幄	1-3-9
幃	1-3-10
幀	1-3-9
幎	1-3-10
幗	1-3-11
幔	1-3-11
幟	1-3-12
幢	1-3-12
幤	2-12-3
幇	2-9-3
幵	1-3-3
并	2-3-3
幺	4-3-4
麼	3-3-11
广	4-3-4
庠	3-3-6
廁	3-3-9
廂	3-3-9
廈	3-3-10
廐	3-3-10
廏	3-3-11
廖	3-3-11
廣	3-3-12
廝	3-3-12
廚	3-3-12
廛	3-3-12
廢	3-3-12
廡	3-3-12
廨	3-3-13
廩	3-3-13
廬	3-3-16
廱	3-3-18
廳	3-3-22
廰	3-3-17
廴	4-3-1
廸	3-3-5
廾	4-3-3
弃	2-2-5
弉	2-7-3
彝	2-3-15
彜	2-3-13
弋	4-3-4
弑	1-6-6
弖	2-3-1
弩	2-5-3
弭	1-3-6
弸	1-3-8
彁	1-3-10
彈	1-3-12
彌	1-3-14
彎	2-19-3
弯	2-2-7
彑	4-3-2
彖	2-3-6
彗	2-8-3
彙	2-3-10
彡	2-1-2
彭	1-9-3
彳	2-1-2
彷	1-3-4
徃	1-3-5
徂	1-3-5
彿	1-3-5
徊	1-3-6
很	1-3-6
徑	1-3-7
徇	1-3-6
從	1-3-8
徙	1-3-8
徘	1-3-8
徠	1-3-8
徨	1-3-9
徭	1-3-10
徼	1-3-13
忖	1-3-3
忻	1-3-4
忤	1-3-4
忸	1-3-4
忱	1-3-4
忝	2-4-4
悳	2-8-4
忿	2-2-6
怡	1-3-5
恠	1-3-6
怙	1-3-5
怐	1-3-5
怩	1-3-5
怎	2-5-4
怱	2-5-4
怛	1-3-5
怕	1-3-5
怫	1-3-5
怦	1-3-5
怏	1-3-5
怺	1-3-5
恚	2-3-7
恁	2-6-4
恪	1-3-6
恷	2-6-4
恟	1-3-6
恊	1-3-6
恆	1-3-6
恍	1-3-6
恣	2-6-4
恃	1-3-6
恤	1-3-6
恂	1-3-6
恬	1-3-6
恫	1-3-6
恙	2-3-7
悁	1-3-7
悍	1-3-7
惧	1-3-8
悃	1-3-7
悚	1-3-7
悄	1-3-7
悛	1-3-7
悖	1-3-7
悗	1-3-7
悒	1-3-7
悧	1-3-7
悋	1-3-7
惡	2-8-4
悸	1-3-8
惠	2-8-4
惓	1-3-9
悴	1-3-8
忰	1-3-4
悽	1-3-8
惆	1-3-8
悵	1-3-8
惘	1-3-8
慍	1-3-10
愕	1-3-9
愆	2-9-4
惶	1-3-9
惷	2-5-8
愀	1-3-9
惴	1-3-9
惺	1-3-9
愃	1-3-9
愡	1-3-9
惻	1-3-9
惱	1-3-9
愍	2-9-4
愎	1-3-9
慇	2-10-4
愾	1-3-10
愨	2-10-4
愧	1-3-10
慊	1-3-10
愿	2-10-4
愼	1-3-10
愬	2-10-4
愴	1-3-10
愽	1-3-10
慂	2-10-4
慄	1-3-10
慳	1-3-12
慷	1-3-11
慘	1-3-11
慙	2-11-4
慚	1-3-11
慫	2-11-4
慴	1-3-11
慯	1-3-11
慥	1-3-11
慱	1-3-11
慟	1-3-11
慝	2-10-4
慓	1-3-11
慵	1-3-11
憙	2-3-13
憖	2-12-4
憇	2-11-4
憬	1-3-12
憔	1-3-12
憚	1-3-12
憊	2-12-4
憑	2-12-4
憫	1-3-12
憮	1-3-12
懌	1-3-13
懊	1-3-13
應	3-3-14
懷	1-3-16
懈	1-3-13
懃	2-13-4
懆	1-3-13
憺	1-3-13
懋	2-13-4
罹	2-5-11
懍	1-3-13
懦	1-3-14
懣	2-14-4
懶	1-3-16
懺	1-3-17
懴	1-3-15
懿	1-12-10
懽	1-3-17
懼	1-3-18
懾	1-3-18
戀	2-19-4
戈	4-4-4
戉	4-5-4
戍	4-6-4
戌	4-6-4
戔	2-4-4
戛	2-7-4
戞	2-2-10
戡	1-9-4
截	3-6-8
戮	1-11-4
戰	1-12-4
戲	1-13-4
戳	1-14-4
扁	3-2-7
扎	1-3-1
扞	1-3-3
扣	1-3-3
扛	1-3-3
扠	1-3-3
扨	1-3-3
扼	1-3-4
抂	1-3-4
抉	1-3-4
找	1-3-4
抒	1-3-4
抓	1-3-4
抖	1-3-4
拔	1-3-5
抃	1-3-4
抔	1-3-4
拗	1-3-5
拑	1-3-5
抻	1-3-5
拏	2-5-4
拿	2-2-8
拆	1-3-5
擔	1-3-13
拈	1-3-5
拜	1-4-5
拌	1-3-5
拊	1-3-5
拂	1-3-5
拇	1-3-5
抛	1-3-5
拉	1-3-5
挌	1-3-6
拮	1-3-6
拱	1-3-6
挧	1-3-6
挂	1-3-6
挈	1-3-7
拯	1-3-6
拵	1-3-6
捐	1-3-7
挾	1-3-7
捍	1-3-7
搜	1-3-10
捏	1-3-7
掖	1-3-8
掎	1-3-8
掀	1-3-8
掫	1-3-8
捶	1-3-8
掣	2-8-4
掏	1-3-8
掉	1-3-8
掟	1-3-8
掵	1-3-8
捫	1-3-8
捩	1-3-7
掾	1-3-9
揩	1-3-9
揀	1-3-9
揆	1-3-9
揣	1-3-9
揉	1-3-9
插	1-3-9
揶	1-3-9
揄	1-3-9
搖	1-3-10
搴	2-3-11
搆	1-3-10
搓	1-3-10
搦	1-3-10
搶	1-3-10
攝	1-3-18
搗	1-3-10
搨	1-3-10
搏	1-3-10
摧	1-3-11
摯	2-11-4
摶	1-3-11
摎	1-3-11
攪	1-3-20
撕	1-3-12
撓	1-3-12
撥	1-3-12
撩	1-3-12
撈	1-3-12
撼	1-3-13
據	1-3-13
擒	1-3-13
擅	1-3-13
擇	1-3-13
撻	1-3-13
擘	2-13-4
擂	1-3-13
擱	1-3-14
擧	2-11-6
舉	2-11-5
擠	1-3-14
擡	1-3-14
抬	1-3-5
擣	1-3-14
擯	1-3-14
攬	1-3-22
擶	1-3-15
擴	1-3-15
擲	1-3-15
擺	1-3-15
攀	2-12-7
擽	1-3-15
攘	1-3-17
攜	1-3-18
攅	1-3-15
攤	1-3-19
攣	2-19-4
攫	1-3-20
攴	2-2-2
攵	2-2-2
攷	1-2-4
收	1-2-4
攸	1-2-5
畋	1-5-4
效	1-6-4
敖	1-7-4
敕	1-7-4
敍	1-7-4
敘	1-7-4
敞	1-8-4
敝	1-8-4
敲	2-10-4
數	1-11-4
斂	1-13-4
斃	2-12-6
變	2-19-4
斛	1-7-4
斟	1-9-4
斫	1-5-4
斷	1-14-4
旃	1-4-6
旆	1-4-6
旁	2-2-8
旄	1-4-6
旌	1-4-7
旒	1-4-9
旛	1-4-14
旙	1-4-12
无	4-4-1
旡	4-5-1
旱	2-4-3
杲	2-4-4
昊	2-4-4
昃	2-4-4
旻	2-4-4
杳	2-4-4
昵	1-4-5
昶	3-5-4
昴	2-4-5
昜	2-4-5
晏	2-4-6
晄	1-4-6
晉	2-1-9
晁	2-4-6
晞	1-4-7
晝	2-6-5
晤	1-4-7
晧	1-4-7
晨	2-4-7
晟	2-4-7
晢	2-7-4
晰	1-4-8
暃	2-4-8
暈	2-4-9
暎	1-4-8
暉	1-4-9
暄	1-4-9
暘	1-4-9
暝	1-4-10
曁	2-11-5
暹	3-4-12
曉	1-4-12
暾	1-4-12
暼	2-4-12
曄	1-4-10
暸	1-4-12
曖	1-4-13
曚	1-4-13
曠	1-4-15
昿	1-4-5
曦	1-4-16
曩	2-4-17
曰	3-3-1
曵	4-7-4
曷	2-4-5
朏	1-4-5
朖	1-4-7
朞	2-6-6
朦	1-4-13
朧	1-4-16
霸	2-8-13
朮	4-5-3
朿	4-6-3
朶	2-2-4
杁	1-4-2
朸	1-4-2
朷	1-4-2
杆	1-4-3
杞	1-4-3
杠	1-4-3
杙	1-4-3
杣	1-4-3
杤	1-4-3
枉	1-4-4
杰	2-4-4
枩	2-4-4
杼	1-4-4
杪	1-4-4
枌	1-4-4
枋	1-4-4
枦	1-4-4
枡	1-4-4
枅	1-4-4
枷	1-4-5
柯	1-4-5
枴	1-4-5
柬	4-9-3
枳	1-4-5
柩	1-4-5
枸	1-4-5
柤	1-4-5
柞	1-4-5
柝	1-4-5
柢	1-4-5
柮	1-4-5
枹	1-4-5
柎	1-4-5
柆	1-4-5
柧	1-4-6
檜	1-4-13
栞	2-6-4
框	1-4-6
栩	1-4-6
桀	2-7-4
桍	1-4-6
栲	1-4-6
桎	1-4-6
梳	1-4-7
栫	1-4-6
桙	1-4-6
档	1-4-6
桷	1-4-7
桿	1-4-7
梟	2-7-4
梏	1-4-7
梭	1-4-7
梔	1-4-7
條	1-2-9
梛	1-4-7
梃	1-4-7
檮	1-4-14
梹	1-4-7
桴	1-4-7
梵	2-8-3
梠	1-4-7
梺	2-8-3
椏	1-4-8
梍	1-4-7
桾	1-4-7
椁	1-4-8
棊	2-6-6
椈	1-4-8
棘	1-6-6
椢	1-4-8
椦	1-4-8
棡	1-4-8
椌	1-4-8
棍	1-4-8
棔	1-4-8
棧	1-4-8
棕	1-4-8
椶	1-4-9
椒	1-4-8
椄	1-4-8
棗	2-6-6
棣	1-4-8
椥	1-4-8
棹	1-4-8
棠	2-5-7
棯	1-4-8
椨	1-4-8
椪	1-4-8
椚	1-4-8
椣	1-4-8
椡	1-4-8
棆	1-4-8
楹	1-4-9
楷	1-4-9
楜	1-4-9
楸	1-4-9
楫	1-4-9
楔	1-4-9
楾	1-4-9
楮	1-4-9
椹	1-4-9
楴	1-4-9
椽	1-4-9
楙	1-4-9
椰	1-4-9
楡	1-4-9
楞	1-4-9
楝	1-4-9
榁	1-4-9
楪	1-4-9
榲	1-4-10
榮	2-8-6
槐	1-4-10
榿	1-4-10
槁	1-4-10
槓	1-4-10
榾	1-4-10
槎	1-4-10
寨	2-3-11
槊	1-4-10
槝	1-4-10
榻	1-4-10
槃	2-10-4
榧	1-4-10
樮	1-4-10
榑	1-4-10
榠	1-4-10
榜	1-4-10
榕	1-4-10
榴	1-4-10
槞	1-4-10
槨	1-4-11
樂	2-11-4
樛	1-4-11
槿	1-4-11
權	1-4-17
槹	1-4-11
槲	1-4-11
槧	2-11-4
樅	1-4-11
榱	1-4-10
樞	1-4-11
槭	1-4-11
樔	1-4-11
槫	1-4-11
樊	2-12-3
樒	1-4-11
櫁	1-4-14
樣	1-4-11
樓	1-4-11
橄	1-4-12
樌	1-4-11
橲	1-4-12
樶	1-4-12
橸	1-4-12
橇	1-4-12
橢	1-4-12
橙	1-4-12
橦	1-4-12
橈	1-4-12
樸	1-4-12
樢	1-4-11
檐	1-4-13
檍	1-4-13
檠	2-12-4
檄	1-4-13
檢	1-4-13
檣	1-4-13
檗	2-13-4
蘗	2-3-17
檻	1-4-15
櫃	1-4-14
櫂	1-4-14
檸	1-4-14
檳	1-4-14
檬	1-4-13
櫞	1-4-15
櫑	1-4-15
櫟	1-4-15
檪	1-4-13
櫚	1-4-15
櫪	1-4-16
櫻	1-4-17
欅	1-4-17
蘖	2-3-17
櫺	1-4-17
欒	2-19-4
欖	1-4-22
鬱	2-14-15
欟	1-4-24
欸	1-7-4
欷	1-7-4
盜	2-7-5
欹	1-8-4
飮	1-9-4
歇	1-9-4
歃	1-9-4
歉	1-10-4
歐	1-11-4
歙	1-12-4
歔	1-12-4
歛	1-13-4
歟	1-13-4
歡	1-17-4
歸	1-10-8
歹	4-4-1
歿	1-4-4
殀	1-4-4
殄	1-4-5
殃	1-4-5
殍	1-4-7
殘	1-4-8
殕	1-4-8
殞	1-4-10
殤	1-4-11
殪	1-4-12
殫	1-4-12
殯	1-4-14
殲	1-4-17
殱	1-4-15
殳	2-2-2
殷	1-6-4
殼	1-8-4
毆	1-11-4
毋	4-4-1
毓	1-7-7
毟	2-4-4
毬	3-4-7
毫	2-2-9
毳	2-4-8
毯	3-4-8
麾	3-3-12
氈	1-13-4
氓	1-3-5
气	2-2-2
氛	3-4-4
氤	3-4-6
氣	3-4-6
汞	2-3-4
汕	1-3-3
汢	1-3-3
汪	1-3-4
沂	1-3-4
沍	1-3-4
沚	1-3-4
沁	1-3-4
沛	1-3-5
汾	1-3-4
汨	1-3-4
汳	1-3-4
沒	1-3-4
沐	1-3-4
泄	1-3-5
泱	1-3-5
泓	1-3-5
沽	1-3-5
泗	1-3-5
泅	1-3-5
泝	1-3-5
沮	1-3-5
沱	1-3-5
沾	1-3-5
沺	1-3-5
泛	1-3-4
泯	1-3-5
泙	1-3-5
泪	1-3-5
洟	1-3-6
衍	1-3-6
洶	1-3-6
洫	1-3-6
洽	1-3-6
洸	1-3-6
洙	1-3-6
洵	1-3-6
洳	1-3-6
洒	1-3-6
洌	1-3-6
浣	1-3-7
涓	1-3-7
浤	1-3-7
浚	1-3-7
浹	1-3-7
浙	1-3-7
涎	1-3-7
涕	1-3-7
濤	1-3-14
涅	1-3-7
淹	1-3-8
渕	1-3-8
渊	1-3-8
涵	1-3-8
淇	1-3-8
淦	1-3-8
涸	1-3-8
淆	1-3-8
淬	1-3-8
淞	1-3-8
淌	1-3-8
淨	1-3-8
淒	1-3-8
淅	1-3-8
淺	1-3-8
淙	1-3-8
淤	1-3-8
淕	1-3-8
淪	1-3-8
淮	1-3-8
渭	1-3-9
湮	1-3-9
渮	1-3-8
渙	1-3-9
湲	1-3-9
湟	1-3-9
渾	1-3-9
渣	1-3-9
湫	1-3-9
渫	1-3-9
湶	1-3-9
湍	1-3-9
渟	1-3-9
湃	1-3-9
渺	1-3-9
湎	1-3-9
渤	1-3-9
滿	1-3-11
渝	1-3-9
游	1-3-9
溂	1-3-9
溪	1-3-10
溘	1-3-10
滉	1-3-10
溷	1-3-10
滓	1-3-10
溽	1-3-10
溯	1-3-10
滄	1-3-10
溲	1-3-10
滔	1-3-10
滕	1-4-11
溏	1-3-10
溥	1-3-10
滂	1-3-10
溟	1-3-10
潁	1-6-9
漑	1-3-12
灌	1-3-17
滬	1-3-11
滸	1-3-11
滾	1-3-11
漿	2-11-4
滲	1-3-11
漱	1-3-11
滯	1-3-11
漲	1-3-11
滌	1-3-11
漾	1-3-11
漓	1-3-11
滷	1-3-11
澆	1-3-12
潺	1-3-12
潸	1-3-12
澁	1-3-12
澀	1-3-14
潯	1-3-12
潛	1-3-14
濳	1-3-16
潭	1-3-12
澂	1-3-12
潼	1-3-12
潘	1-3-12
澎	1-3-12
澑	1-3-12
濂	1-3-13
潦	1-3-12
澳	1-3-13
澣	1-3-13
澡	1-3-13
澤	1-3-13
澹	1-3-13
濆	1-3-12
澪	1-3-13
濟	1-3-14
濕	1-3-14
濬	1-3-14
濔	1-3-14
濘	1-3-14
濱	1-3-14
濮	1-3-14
濛	1-3-13
瀉	1-3-15
瀋	1-3-15
濺	1-3-15
瀑	1-3-15
瀁	1-3-15
瀏	1-3-15
濾	1-3-15
瀛	1-3-16
瀚	1-3-16
潴	1-3-12
瀝	1-3-16
瀘	1-3-16
瀟	1-3-16
瀰	1-3-17
瀾	1-3-17
瀲	1-3-17
灑	1-3-19
灣	1-3-22
炙	2-4-4
炒	1-4-4
炯	1-4-5
烱	1-4-7
炬	1-4-5
炸	1-4-5
炳	1-4-5
炮	1-4-5
烟	1-4-6
烋	2-6-4
烝	2-5-5
烙	1-4-6
焉	2-5-6
烽	1-4-7
焜	1-4-8
焙	1-4-8
煥	1-4-9
煕	2-9-4
熈	2-11-4
煦	2-9-4
煢	2-8-5
煌	1-4-9
煖	1-4-9
煬	1-4-9
熏	2-10-4
燻	1-4-14
熄	1-4-10
熕	1-4-10
熨	2-11-4
熬	2-11-4
燗	1-4-12
熹	2-3-13
熾	1-4-12
燒	1-4-12
燉	1-4-12
燔	1-4-12
燎	1-4-12
燠	1-4-13
燬	1-4-13
燧	1-4-13
燵	1-4-13
燼	1-4-14
燹	2-14-4
燿	1-4-14
爍	1-4-15
爐	1-4-16
爛	1-4-17
爨	2-14-15
爭	2-4-4
爬	3-4-4
爰	2-4-5
爲	2-4-8
爻	2-2-2
爼	1-4-5
爿	4-4-4
牀	1-4-4
牆	1-4-13
牋	1-4-8
牘	1-4-15
牴	1-4-5
牾	1-4-7
犂	2-8-4
犁	2-7-4
犇	2-4-8
犒	1-4-10
犖	2-8-6
犢	1-4-15
犧	1-4-16
犹	1-3-4
犲	1-3-3
狃	1-3-4
狆	1-3-4
狄	1-3-4
狎	1-3-5
狒	1-3-5
狢	1-3-6
狠	1-3-6
狡	1-3-6
狹	1-3-7
狷	1-3-7
倏	1-2-9
猗	1-3-8
猊	1-3-8
猜	1-3-8
猖	1-3-8
猝	1-3-8
猴	1-3-9
猯	1-3-9
猩	1-3-9
猥	1-3-9
猾	1-3-10
獎	2-11-4
獏	1-3-10
默	1-12-4
獗	1-3-12
獪	1-3-13
獨	1-3-13
獰	1-3-14
獸	1-15-4
獵	1-3-15
獻	1-16-4
獺	1-3-16
珈	1-4-5
玳	1-4-5
珎	1-4-5
玻	1-4-5
珀	1-4-5
珥	1-4-6
珮	1-4-6
珞	1-4-6
璢	1-4-12
琅	1-4-7
瑯	1-4-10
琥	1-4-8
珸	1-4-7
琲	1-4-8
琺	1-4-8
瑕	1-4-9
琿	1-4-9
瑟	2-8-5
瑙	1-4-9
瑁	1-4-9
瑜	1-4-9
瑩	2-8-7
瑰	1-4-10
瑣	1-4-10
瑪	1-4-10
瑶	1-4-9
瑾	1-4-11
璋	1-4-11
璞	1-4-12
璧	2-13-5
瓊	1-4-14
瓏	1-4-16
瓔	1-4-17
珱	1-4-6
瓠	1-6-6
瓣	1-7-13
瓧	3-5-2
瓩	3-5-3
瓮	2-2-7
瓲	3-5-4
瓰	3-5-4
瓱	3-5-4
瓸	3-5-6
瓷	2-6-5
甄	1-9-5
甃	1-9-5
甅	3-5-9
甌	1-11-5
甎	1-11-5
甍	2-3-12
甕	2-2-16
甓	2-13-5
甞	2-5-8
甦	3-7-5
甬	2-2-5
甼	2-5-2
畄	2-3-5
畍	1-5-4
畊	1-5-4
畉	1-5-4
畛	1-5-5
畆	1-7-2
畚	2-2-8
畩	1-5-6
畤	1-5-6
畧	2-5-6
畫	2-6-6
畭	1-5-7
畸	1-5-8
當	2-5-8
疆	1-6-13
疇	1-5-14
畴	1-5-7
疊	2-5-17
疉	2-5-17
疂	2-5-11
疔	3-5-2
疚	3-5-3
疝	3-5-3
疥	3-5-4
疣	3-5-4
痂	3-5-5
疳	3-5-5
痃	3-5-5
疵	3-5-6
疽	3-5-5
疸	3-5-5
疼	3-5-5
疱	3-5-5
痍	3-5-6
痊	3-5-6
痒	3-5-6
痙	3-5-7
痣	3-5-7
痞	3-5-7
痾	3-5-8
痿	3-5-8
痼	3-5-8
瘁	3-5-8
痰	3-5-8
痺	3-5-8
痲	3-5-8
痳	3-5-8
瘋	3-5-9
瘍	3-5-9
瘉	3-5-9
瘟	3-5-10
瘧	3-5-9
瘠	3-5-10
瘡	3-5-10
瘢	3-5-10
瘤	3-5-10
瘴	3-5-11
瘰	3-5-11
瘻	3-5-11
癇	3-5-12
癈	3-5-12
癆	3-5-12
癜	3-5-13
癘	3-5-12
癡	3-5-14
癢	3-5-15
癨	3-5-16
癩	3-5-16
癪	3-5-16
癧	3-5-16
癬	3-5-17
癰	3-5-18
癲	3-5-19
癶	1-2-3
癸	2-5-4
發	2-5-7
皀	2-5-2
皃	2-5-2
皈	1-5-4
皋	2-5-5
皎	1-5-6
皖	1-5-7
皓	1-5-7
皙	2-8-5
皚	1-5-10
皰	1-5-5
皴	1-7-5
皸	1-9-5
皹	1-5-9
皺	1-10-5
盂	2-3-5
盍	2-3-7
盖	2-3-8
盒	2-2-9
盞	2-4-9
盡	2-5-9
盥	2-11-5
盧	3-4-12
盪	2-12-5
蘯	2-3-17
盻	1-5-4
眈	1-5-4
眇	1-5-4
眄	1-5-4
眩	1-5-5
眤	1-5-5
眞	2-2-8
眥	2-6-5
眦	1-5-6
眛	1-5-5
眷	2-6-5
眸	1-5-6
睇	1-5-7
睚	1-5-8
睨	1-5-8
睫	1-5-8
睛	1-5-8
睥	1-5-8
睿	2-4-10
睾	2-6-8
睹	1-5-9
瞎	1-5-10
瞋	1-5-10
瞑	1-5-10
瞠	1-5-11
瞞	1-5-11
瞰	1-5-12
瞶	1-5-12
瞹	1-5-13
瞿	2-10-8
瞼	1-5-13
瞽	2-13-5
瞻	1-5-13
矇	1-5-13
矍	2-10-10
矗	2-2-22
矚	1-5-21
矜	1-5-4
矣	2-2-5
矮	1-5-8
矼	1-5-3
砌	1-5-4
砒	1-5-4
礦	1-5-15
砠	1-5-5
礪	1-5-14
硅	1-5-6
碎	1-5-8
硴	1-5-7
碆	2-8-5
硼	1-5-8
碚	1-5-8
碌	1-5-8
碣	1-5-9
碵	1-5-9
碪	1-5-9
碯	1-5-9
磑	1-5-10
磆	1-5-10
磋	1-5-10
磔	1-5-11
碾	1-5-10
碼	1-5-10
磅	1-5-10
磊	2-5-10
磬	2-11-5
磧	1-5-11
磚	1-5-11
磽	1-5-12
磴	1-5-12
礇	1-5-13
礒	1-5-13
礑	1-5-13
礙	1-5-14
礬	2-12-8
礫	1-5-15
祀	1-5-3
祠	1-5-5
祗	1-5-5
祟	2-5-5
祚	1-5-5
祕	1-5-5
祓	1-4-5
祺	1-5-8
祿	1-5-8
禊	1-5-9
禝	1-5-10
禧	1-5-12
齋	2-2-15
禪	1-5-12
禮	1-5-13
禳	1-5-17
禹	4-9-3
禺	4-9-3
秉	4-8-3
秕	1-5-4
秧	1-5-5
秬	1-5-5
秡	1-5-5
秣	1-5-5
稈	1-5-7
稍	1-5-7
稘	1-5-8
稙	1-5-8
稠	1-5-8
稟	2-2-11
禀	2-2-11
稱	1-5-9
稻	1-5-10
稾	2-2-13
稷	1-5-10
穃	1-5-10
穗	1-5-12
穉	1-5-12
穡	1-5-13
穢	1-5-13
穩	1-5-14
龝	1-5-16
穰	1-5-17
穹	2-3-5
穽	2-3-6
窈	2-3-7
窗	2-3-9
窕	2-3-8
窘	2-3-9
窖	2-3-9
窩	2-3-11
竈	2-3-18
窰	2-3-12
窶	2-3-13
竅	2-3-15
竄	2-3-15
窿	2-3-13
邃	3-4-14
竇	2-3-17
竊	2-3-19
竍	1-5-2
竏	1-5-3
竕	1-5-4
竓	1-5-4
站	1-5-5
竚	1-5-5
竝	1-5-5
竡	1-5-6
竢	1-5-7
竦	1-5-7
竭	1-5-9
竰	1-5-9
笂	2-6-3
笏	2-6-4
笊	2-6-4
笆	2-6-4
笳	2-6-5
笘	2-6-5
笙	2-6-5
笞	2-6-5
笵	2-6-5
笨	2-6-5
笶	2-6-5
筐	2-6-6
筺	2-6-7
笄	2-6-4
筍	2-6-6
笋	2-6-4
筌	2-6-6
筅	2-6-6
筵	2-6-7
筥	2-6-7
筴	2-6-7
筧	2-6-7
筰	2-6-7
筱	2-6-7
筬	2-6-7
筮	2-6-7
箝	2-6-8
箘	2-6-8
箟	2-6-8
箍	2-6-8
箜	2-6-8
箚	2-6-8
箋	2-6-8
箒	2-6-8
箏	2-6-8
筝	2-6-6
箙	2-6-8
篋	2-6-9
篁	2-6-9
篌	2-6-9
篏	2-6-9
箴	2-6-9
篆	2-6-9
篝	2-6-10
篩	2-6-10
簑	2-6-10
簔	2-6-11
篦	2-6-10
篥	2-6-10
籠	2-6-16
簀	2-6-11
簇	2-6-11
簓	2-6-11
篳	2-6-11
篷	2-6-11
簗	2-6-11
簍	2-6-11
篶	2-6-11
簣	2-6-12
簧	2-6-12
簪	2-6-14
簟	2-6-12
簷	2-6-13
簫	2-6-13
簽	2-6-13
籌	2-6-14
籃	2-6-15
籔	2-6-15
籏	2-6-14
籀	2-6-13
籐	2-6-15
籘	2-6-16
籟	2-6-16
籤	2-6-17
籖	2-6-15
籥	2-6-17
籬	2-6-19
籵	1-6-2
粃	1-6-4
粐	1-6-4
粤	2-10-2
粭	1-6-6
粢	2-6-6
粫	1-6-6
粡	1-6-6
粨	1-6-6
粳	1-6-7
粲	2-7-6
粱	2-7-6
粮	1-6-7
粹	1-6-8
粽	1-6-8
糀	1-6-7
糅	1-6-9
糂	1-6-9
糘	1-6-10
糒	1-6-10
糜	3-3-14
糢	1-6-10
鬻	2-12-10
糯	1-6-14
糲	1-6-14
糴	1-8-14
糶	1-11-14
糺	1-6-1
紆	1-6-3
紂	1-6-3
紜	1-6-4
紕	1-6-4
紊	2-2-8
絅	1-6-5
絋	1-6-5
紮	2-5-6
紲	1-6-5
紿	1-6-5
紵	1-6-5
絆	1-6-5
絳	1-6-7
絖	1-6-6
絎	1-6-6
絲	1-6-6
絨	1-6-6
絮	2-6-6
絏	1-6-6
絣	1-6-6
經	1-6-7
綉	1-6-7
絛	1-2-11
綏	1-6-7
絽	1-6-7
綛	1-6-7
綺	1-6-8
綮	2-8-6
綣	1-6-8
綵	1-6-8
緇	1-6-8
綽	1-6-8
綫	1-6-8
總	1-6-11
綢	1-6-8
綯	1-6-8
緜	1-8-7
綸	1-6-8
綟	1-6-7
綰	1-6-8
緘	1-6-9
緝	1-6-9
緤	1-6-9
緞	1-6-9
緻	1-6-9
緲	1-6-9
緡	1-6-9
縅	1-6-9
縊	1-6-10
縣	1-9-7
縡	1-6-10
縒	1-6-10
縱	1-6-11
縟	1-6-10
縉	1-6-10
縋	1-6-9
縢	1-4-12
繆	1-6-11
繦	1-6-11
縻	3-3-14
縵	1-6-11
縹	1-6-11
繃	1-6-11
縷	1-6-11
縲	1-6-11
縺	1-6-11
繧	1-6-12
繝	1-6-12
繖	1-6-12
繞	1-6-12
繙	1-6-12
繚	1-6-12
繹	1-6-13
繪	1-6-13
繩	1-6-13
繼	1-6-14
繻	1-6-14
纃	1-6-14
緕	1-6-8
繽	1-6-14
辮	1-7-13
繿	1-6-15
纈	1-6-15
纉	1-6-15
續	1-6-15
纒	1-6-16
纐	1-6-15
纓	1-6-17
纔	1-6-17
纖	1-6-17
纎	1-6-15
纛	2-4-21
纜	1-6-22
缸	1-6-3
缺	1-6-4
罅	1-6-11
罌	2-14-6
罍	2-5-16
罎	1-6-16
罐	1-6-17
网	3-2-4
罕	2-2-5
罔	3-2-6
罘	2-5-4
罟	2-5-5
罠	2-5-5
罨	2-5-8
罩	2-5-8
罧	2-5-8
罸	2-5-10
羂	2-5-13
羆	2-5-14
羃	2-5-13
羈	2-5-19
羇	2-5-17
羌	2-3-5
羔	2-3-7
羞	2-3-8
羝	1-6-5
羚	1-6-5
羣	2-7-6
羯	1-6-9
羲	2-3-13
羹	2-3-16
羮	2-3-12
羶	1-6-13
羸	2-2-17
譱	2-3-17
翅	3-4-6
翆	2-6-4
翊	1-5-6
翕	2-2-10
翔	1-6-6
翡	2-8-6
翦	2-3-12
翩	1-9-6
翳	2-11-6
翹	2-12-6
飜	1-12-9
耆	2-6-4
耄	2-6-4
耋	2-6-6
耒	4-6-3
耘	1-6-4
耙	1-6-4
耜	1-6-5
耡	1-6-7
耨	1-6-10
耿	1-6-4
耻	1-6-4
聊	1-6-5
聆	1-6-5
聒	1-6-6
聘	1-6-7
聚	2-8-6
聟	2-8-6
聢	1-6-8
聨	1-6-9
聳	2-11-6
聲	2-11-6
聰	1-6-11
聶	2-6-12
聹	1-6-14
聽	1-10-12
聿	4-6-3
肄	1-7-6
肆	1-7-6
肅	4-13-3
肛	1-4-3
肓	2-2-5
肚	1-4-3
肭	1-4-4
冐	2-4-4
肬	1-4-4
胛	1-4-5
胥	2-5-4
胙	1-4-5
胝	1-4-5
胄	2-5-4
胚	1-4-5
胖	1-4-5
脉	1-4-5
胯	1-4-6
胱	1-4-6
脛	1-4-7
脩	1-2-9
脣	2-7-4
脯	1-4-7
腋	1-4-8
隋	1-3-10
腆	1-4-8
脾	1-4-8
腓	1-4-8
腑	1-4-8
胼	1-4-6
腱	1-4-9
腮	1-4-9
腥	1-4-9
腦	1-4-9
腴	1-4-9
膃	1-4-10
膈	1-4-10
膊	1-4-10
膀	1-4-10
膂	2-10-4
膠	1-4-11
膕	1-4-11
膤	1-4-11
膣	1-4-11
腟	1-4-9
膓	1-4-11
膩	1-4-12
膰	1-4-12
膵	1-4-11
膾	1-4-13
膸	1-4-13
膽	1-4-13
臀	2-13-4
臂	2-13-4
膺	3-3-14
臉	1-4-13
臍	1-4-14
臑	1-4-14
臙	1-4-16
臘	1-4-15
臈	1-4-12
臚	1-4-16
臟	1-4-18
臠	2-19-6
臧	4-15-4
臺	2-3-11
臻	1-6-10
臾	4-9-4
舁	2-6-3
舂	2-5-6
舅	2-6-7
與	2-11-2
舊	2-3-14
舍	2-2-6
舐	1-6-4
舖	1-8-7
舩	1-6-4
舫	1-6-4
舸	1-6-5
舳	1-6-5
艀	1-6-7
艙	1-6-10
艘	1-6-10
艝	1-6-11
艚	1-6-11
艟	1-6-12
艤	1-6-13
艢	1-6-13
艨	1-6-13
艪	1-6-15
艫	1-6-16
舮	1-6-4
艱	1-11-6
艷	1-18-6
艸	1-3-3
艾	2-3-2
芍	2-3-3
芒	2-3-3
芫	2-3-4
芟	2-3-4
芻	2-5-5
芬	2-3-4
苡	2-3-5
苣	2-3-5
苟	2-3-5
苒	2-3-5
苴	2-3-5
苳	2-3-5
苺	2-3-5
莓	2-3-7
范	2-3-5
苻	2-3-5
苹	2-3-5
苞	2-3-5
茆	2-3-5
苜	2-3-5
茉	2-3-5
苙	2-3-5
茵	2-3-6
茴	2-3-6
茖	2-3-6
茲	2-3-6
茱	2-3-6
荀	2-3-6
茹	2-3-6
荐	2-3-6
荅	2-3-6
茯	2-3-6
茫	2-3-6
茗	2-3-6
茘	2-3-6
莅	2-3-7
莚	2-3-7
莪	2-3-7
莟	2-3-7
莢	2-3-7
莖	2-3-7
茣	2-3-7
莎	2-3-7
莇	2-3-7
莊	2-3-7
荼	2-3-7
莵	2-3-7
荳	2-3-7
荵	2-3-7
莠	2-3-7
莉	2-3-7
莨	2-3-7
菴	2-3-8
萓	2-3-8
菫	2-3-8
菎	2-3-8
菽	2-3-8
萃	2-3-8
菘	2-3-8
萋	2-3-8
菁	2-3-8
菷	2-3-8
萇	2-3-8
菠	2-3-8
菲	2-3-8
萍	2-3-8
萢	2-3-8
萠	2-3-8
莽	2-3-6
萸	2-3-9
蔆	2-3-11
菻	2-3-8
葭	2-3-9
萪	2-3-9
萼	2-3-9
蕚	2-3-13
蒄	2-3-9
葷	2-3-9
葫	2-3-9
蒭	2-3-10
葮	2-3-9
蒂	2-3-9
葩	2-3-9
葆	2-3-9
萬	2-3-9
葯	2-3-9
葹	2-3-9
萵	2-3-9
蓊	2-3-10
葢	2-3-9
蒹	2-3-10
蒿	2-3-10
蒟	2-3-10
蓙	2-3-10
蓍	2-3-10
蒻	2-3-10
蓚	2-3-10
蓐	2-3-10
蓁	2-3-10
蓆	2-3-10
蓖	2-3-10
蒡	2-3-10
蔡	2-3-11
蓿	2-3-11
蓴	2-3-11
蔗	2-3-11
蔘	2-3-11
蔬	2-3-12
蔟	2-3-11
蔕	2-3-11
蔔	2-3-11
蓼	2-3-11
蕀	2-3-12
蕣	2-3-13
蕘	2-3-12
蕈	2-3-12
蕁	2-3-12
蘂	2-3-16
蕋	2-3-12
蕕	2-3-12
薀	2-3-13
薤	2-3-13
薈	2-3-13
薑	2-3-13
薊	2-3-13
薨	2-3-13
蕭	2-3-13
薔	2-3-13
薛	2-3-13
藪	2-3-15
薇	2-3-13
薜	2-3-13
蕷	2-3-13
蕾	2-3-13
薐	2-3-13
藉	2-3-14
薺	2-3-14
藏	2-3-15
薹	2-3-14
藐	2-3-14
藕	2-3-15
藝	2-3-15
藥	2-3-15
藜	2-3-15
藹	2-3-16
蘊	2-3-16
蘓	2-3-16
蘋	2-3-16
藾	2-3-16
藺	2-3-16
蘆	2-3-16
蘢	2-3-16
蘚	2-3-17
蘰	2-3-17
蘿	2-3-19
虍	3-4-2
乕	3-2-5
虔	3-4-6
號	1-5-8
虧	1-14-3
虱	2-2-6
蚓	1-6-4
蚣	1-6-4
蚩	2-4-6
蚪	1-6-4
蚋	1-6-4
蚌	1-6-4
蚶	1-6-5
蚯	1-6-5
蛄	1-6-5
蛆	1-6-5
蚰	1-6-5
蛉	1-6-5
蠣	1-6-14
蚫	1-6-5
蛔	1-6-6
蛞	1-6-6
蛩	2-6-6
蛬	2-6-6
蛟	1-6-6
蛛	1-6-6
蛯	1-6-6
蜒	1-6-7
蜆	1-6-7
蜈	1-6-7
蜀	2-5-8
蜃	2-7-6
蛻	1-6-7
蜑	2-7-6
蜉	1-6-7
蜍	1-6-7
蛹	1-6-7
蜊	1-6-7
蜴	1-6-8
蜿	1-6-8
蜷	1-6-8
蜻	1-6-8
蜥	1-6-8
蜩	1-6-8
蜚	2-8-6
蝠	1-6-9
蝟	1-6-9
蝸	1-6-9
蝌	1-6-9
蝎	1-6-9
蝴	1-6-9
蝗	1-6-9
蝨	2-3-12
蝮	1-6-9
蝙	1-6-9
蝓	1-6-9
蝣	1-6-9
蝪	1-6-9
蠅	1-6-13
螢	2-8-8
螟	1-6-10
螂	1-6-10
螯	2-11-6
蟋	1-6-11
螽	2-3-14
蟀	1-6-11
蟐	1-6-11
雖	1-9-8
螫	2-11-6
蟄	2-11-6
螳	1-6-11
蟇	2-3-13
蟆	1-6-10
螻	1-6-11
蟯	1-6-12
蟲	2-6-12
蟠	1-6-12
蠏	1-6-13
蠍	1-6-13
蟾	1-6-13
蟶	1-6-13
蟷	1-6-13
蠎	1-6-11
蟒	1-6-9
蠑	1-6-14
蠖	1-6-13
蠕	1-6-14
蠢	2-9-12
蠡	2-3-18
蠱	2-6-17
蠶	2-10-16
蠹	2-7-17
蠧	2-3-19
蠻	2-19-6
衄	1-6-4
衂	1-6-3
衒	1-3-8
衙	1-3-10
衞	1-3-13
衢	1-3-21
衫	1-5-3
袁	2-3-7
衾	2-2-8
袞	2-2-9
衵	1-5-4
衽	1-5-4
袵	1-5-6
衲	1-5-4
袂	1-5-4
袗	1-5-5
袒	1-5-5
袮	1-5-5
袙	1-5-5
袢	1-5-5
袍	1-5-5
袤	2-2-9
袰	2-5-6
袿	1-5-6
袱	1-5-6
裃	1-5-6
裄	1-5-6
裔	2-2-11
裘	2-7-6
裙	1-5-7
裝	2-7-6
裹	2-2-12
褂	1-5-8
裼	1-5-8
裴	2-8-6
裨	1-5-8
裲	1-5-8
褄	1-5-8
褌	1-5-9
褊	1-5-9
褓	1-5-9
襃	2-2-15
褞	1-5-10
褥	1-5-10
褪	1-5-10
褫	1-5-10
襁	1-5-11
襄	2-2-15
褻	2-2-15
褶	1-5-11
褸	1-5-11
襌	1-5-12
褝	1-5-9
襠	1-5-13
襞	2-13-6
襦	1-5-14
襤	1-5-15
襭	1-5-15
襪	1-5-14
襯	1-5-16
襴	1-5-17
襷	1-5-17
襾	4-6-1
覃	2-6-6
覈	2-6-13
覊	2-6-19
覓	2-4-7
覘	1-5-7
覡	1-7-7
覩	1-9-7
覦	1-9-7
覬	1-10-7
覯	1-10-7
覲	1-11-7
覺	2-13-7
覽	2-15-7
覿	1-15-7
觀	1-17-7
觚	1-7-6
觜	2-6-7
觝	1-7-5
觧	1-7-6
觴	1-7-11
觸	1-7-13
訃	1-7-2
訖	1-7-3
訐	1-7-3
訌	1-7-3
訛	1-7-4
訝	1-7-5
訥	1-7-4
訶	1-7-5
詁	1-7-5
詛	1-7-5
詒	1-7-5
詆	1-7-5
詈	2-5-7
詼	1-7-6
詭	1-7-6
詬	1-7-6
詢	1-7-6
誅	1-7-6
誂	1-7-6
誄	1-7-6
誨	1-7-7
誡	1-7-7
誑	1-7-7
誥	1-7-7
誦	1-7-7
誚	1-7-7
誣	1-7-7
諄	1-7-8
諍	1-7-8
諂	1-7-8
諚	1-7-8
諫	1-7-9
諳	1-7-9
諧	1-7-9
諤	1-7-9
諱	1-7-10
謔	1-7-9
諠	1-7-9
諢	1-7-9
諷	1-7-9
諞	1-7-9
諛	1-7-9
謌	1-7-10
謇	2-3-14
謚	1-7-10
諡	1-7-9
謖	1-7-10
謐	1-7-10
謗	1-7-10
謠	1-7-10
謳	1-7-11
鞫	1-9-9
謦	2-11-7
謫	1-7-11
謾	1-7-11
謨	1-7-10
譁	1-7-10
譌	1-7-12
譏	1-7-12
譎	1-7-12
證	1-7-12
譖	1-7-14
譛	1-7-12
譚	1-7-12
譫	1-7-13
譟	1-7-13
譬	2-13-7
譯	1-7-13
譴	1-7-14
譽	2-11-9
讀	1-7-15
讌	1-7-16
讎	1-8-15
讒	1-7-17
讓	1-7-17
讖	1-7-17
讙	1-7-17
讚	1-7-19
谺	1-7-5
豁	1-10-7
谿	1-10-7
豈	2-3-7
豌	1-7-8
豎	2-9-7
豐	2-11-7
豕	4-7-1
豢	2-6-7
豬	1-7-9
豸	2-4-3
豺	1-7-3
貂	1-7-5
貉	1-7-6
貅	1-7-6
貊	1-7-6
貍	1-7-7
貎	1-7-8
貔	1-7-10
豼	1-7-4
貘	1-7-10
戝	1-7-4
貭	3-2-9
貪	2-2-9
貽	1-7-5
貲	2-6-7
貳	3-3-9
貮	3-3-8
貶	1-7-4
賈	2-6-7
賁	2-2-10
賤	1-7-8
賣	2-3-12
賚	2-8-7
賽	2-3-14
賺	1-7-10
賻	1-7-10
贄	2-11-7
贅	2-11-7
贊	2-12-7
贇	2-12-7
贏	2-2-18
贍	1-7-13
贐	1-7-14
齎	2-2-19
贓	1-7-15
賍	1-7-6
贔	2-5-16
贖	1-7-15
赧	1-7-5
赭	1-7-9
赱	2-3-4
赳	3-7-3
趁	3-7-5
趙	3-7-7
跂	1-7-4
趾	1-7-4
趺	1-7-4
跏	1-7-5
跚	1-7-5
跖	1-7-5
跌	1-7-5
跛	1-7-5
跋	1-7-5
跪	1-7-6
跫	2-6-7
跟	1-7-6
跣	1-7-6
跼	1-7-7
踈	1-7-7
踉	1-7-7
跿	1-7-7
踝	1-7-8
踞	1-7-8
踐	1-7-8
踟	1-7-8
蹂	1-7-9
踵	1-7-9
踰	1-7-9
踴	1-7-9
蹊	1-7-10
蹇	2-3-14
蹉	1-7-10
蹌	1-7-10
蹐	1-7-10
蹈	1-7-10
蹙	2-11-7
蹤	1-7-11
蹠	1-7-11
踪	1-7-8
蹣	1-7-11
蹕	1-7-11
蹶	1-7-12
蹲	1-7-12
蹼	1-7-12
躁	1-7-13
躇	1-7-12
躅	1-7-13
躄	2-13-7
躋	1-7-14
躊	1-7-14
躓	1-7-15
躑	1-7-15
躔	1-7-15
躙	1-7-16
躪	1-7-19
躡	1-7-18
躬	1-7-3
躰	1-7-5
軆	1-7-13
躱	1-7-6
躾	1-7-9
軅	1-7-12
軈	1-7-17
軋	1-7-1
軛	1-7-4
軣	2-7-4
軼	1-7-5
軻	1-7-5
軫	1-7-5
軾	1-7-6
輊	1-7-6
輅	1-7-6
輕	1-7-7
輒	1-7-7
輙	1-7-8
輓	1-7-7
輜	1-7-8
輟	1-7-8
輛	1-7-8
輌	1-7-6
輦	2-8-7
輳	1-7-9
輻	1-7-9
輹	1-7-9
轅	1-7-10
轂	1-13-4
輾	1-7-10
轌	1-7-11
轉	1-7-11
轆	1-7-11
轎	1-7-12
轗	1-7-13
轜	1-7-14
轢	1-7-15
轣	1-7-16
轤	1-7-16
辜	2-2-10
辟	1-6-7
辣	1-7-7
辭	1-12-7
辯	1-7-14
辷	3-4-1
迚	3-4-4
迥	3-4-5
迢	3-4-5
迪	3-3-5
迯	3-4-5
邇	3-4-14
迴	3-4-6
逅	3-4-6
迹	3-4-6
迺	3-4-6
逑	3-4-7
逕	3-4-7
逡	3-4-7
逍	3-4-7
逞	3-4-7
逖	3-4-7
逋	3-4-7
逧	3-4-7
逶	3-4-8
逵	3-4-8
逹	3-4-8
迸	3-4-6
遏	3-4-8
遐	3-4-9
遑	3-4-9
遒	3-4-9
逎	3-4-7
遉	3-4-9
逾	3-4-9
遖	3-4-9
遘	3-4-10
遞	3-4-10
遨	3-4-11
遯	3-4-11
遶	3-4-12
隨	1-3-13
遲	3-4-12
邂	3-4-13
遽	3-4-13
邁	3-4-13
邀	3-4-13
邊	3-4-15
邉	3-4-14
邏	3-4-19
邨	1-4-3
邯	1-5-3
邱	1-5-3
邵	1-5-3
郢	1-7-3
郤	1-7-3
扈	2-1-10
郛	1-7-3
鄂	1-9-3
鄒	1-10-3
鄙	1-11-3
鄲	1-12-3
鄰	1-13-3
酊	1-7-2
酖	1-7-4
酘	1-7-4
酣	1-7-5
酥	1-7-5
酩	1-7-6
酳	1-7-7
酲	1-7-7
醋	1-7-8
醉	1-7-8
醂	1-7-8
醢	1-7-10
醫	2-11-7
醯	1-7-12
醪	1-7-11
醵	1-7-13
醴	1-7-13
醺	1-7-14
釀	1-7-17
釁	2-12-13
釉	1-7-5
釋	1-7-13
釐	2-9-9
釖	1-8-2
釟	1-8-2
釡	2-2-8
釛	1-8-2
釼	1-8-3
釵	1-8-3
釶	1-8-3
鈞	1-8-4
釿	1-8-4
鈔	1-8-4
鈬	1-8-4
鈕	1-8-4
鈑	1-8-4
鉞	1-8-5
鉗	1-8-5
鉅	1-8-5
鉉	1-8-5
鉤	1-8-5
鉈	1-8-5
銕	1-8-6
鈿	1-8-5
鉋	1-8-5
鉐	1-8-5
銜	1-3-11
銖	1-8-6
銓	1-8-6
銛	1-8-6
鉚	1-8-5
鋏	1-8-7
銹	1-8-7
銷	1-8-7
鋩	1-8-6
錏	1-8-8
鋺	1-8-8
鍄	1-8-8
錮	1-8-8
錙	1-8-8
錢	1-8-8
錚	1-8-8
錣	1-8-8
錺	1-8-7
錵	1-8-7
錻	1-8-8
鍜	1-8-9
鍠	1-8-9
鍼	1-8-9
鍮	1-8-9
鍖	1-8-9
鎰	1-8-10
鎬	1-8-10
鎭	1-8-10
鎔	1-8-10
鎹	1-8-10
鏖	2-11-8
鏗	1-8-12
鏨	2-11-8
鏥	1-8-11
鏘	1-8-11
鏃	1-8-11
鏝	1-8-11
鏐	1-8-11
鏈	1-8-11
鏤	1-8-11
鐚	1-8-12
鐔	1-8-12
鐓	1-8-12
鐃	1-8-12
鐇	1-8-12
鐐	1-8-12
鐶	1-8-13
鐫	1-8-12
鐵	1-8-13
鐡	1-8-12
鐺	1-8-13
鑁	1-8-14
鑒	2-15-8
鑄	1-8-14
鑛	1-8-15
鑠	1-8-15
鑢	1-8-15
鑞	1-8-15
鑪	1-8-16
鈩	1-8-4
鑰	1-8-17
鑵	1-8-17
鑷	1-8-18
鑽	1-8-19
鑚	1-8-15
鑼	1-8-19
鑾	2-19-8
钁	1-8-20
鑿	2-20-8
閂	3-8-1
閇	3-8-3
閊	3-8-3
閔	3-8-4
閖	3-8-4
閘	3-8-5
閙	3-8-5
閠	3-8-5
閨	3-8-6
閧	3-8-6
閭	3-8-7
閼	3-8-8
閻	3-8-8
閹	3-8-8
閾	3-8-8
闊	3-8-9
濶	1-3-14
闃	3-8-9
闍	3-8-9
闌	3-8-9
闕	3-8-10
闔	3-8-10
闖	3-8-10
關	3-8-11
闡	3-8-12
闥	3-8-13
闢	3-8-13
阡	1-3-3
阨	1-3-4
阮	1-3-4
阯	1-3-4
陂	1-3-5
陌	1-3-6
陏	1-3-6
陋	1-3-6
陷	1-3-8
陜	1-3-7
陞	1-3-7
陝	1-3-7
陟	1-3-8
陦	1-3-7
陲	1-3-8
陬	1-3-8
隍	1-3-9
隘	1-3-10
隕	1-3-10
隗	1-3-10
險	1-3-13
隧	1-3-12
隱	1-3-14
隲	1-3-14
隰	1-3-14
隴	1-3-16
隶	4-8-3
隸	1-9-8
隹	4-8-2
雎	1-5-8
雋	2-8-4
雉	1-5-8
雍	2-2-11
襍	1-5-12
雜	1-10-8
霍	2-8-8
雕	1-8-8
雹	2-8-5
霄	2-8-7
霆	2-8-7
霈	2-8-8
霓	2-8-8
霎	2-8-8
霑	2-8-8
霏	2-8-8
霖	2-8-8
霙	2-8-8
霤	2-8-10
霪	2-8-11
霰	2-8-12
霹	2-8-13
霽	2-8-14
霾	2-8-14
靄	2-8-16
靆	1-12-12
靈	2-8-16
靂	2-8-16
靉	2-8-17
靜	1-8-8
靠	2-4-11
靤	1-9-5
靦	1-9-7
靨	2-14-9
勒	1-9-2
靫	1-9-3
靱	1-9-3
靹	1-9-4
鞅	1-9-5
靼	1-9-5
鞁	1-9-5
靺	1-9-5
鞆	1-9-5
鞋	1-9-6
鞏	2-6-9
鞐	1-9-6
鞜	1-9-8
鞨	1-9-9
鞦	1-9-9
鞣	1-9-9
鞳	1-9-9
鞴	1-9-10
韃	1-9-13
韆	1-9-15
韈	1-9-14
韋	2-3-7
韜	1-10-10
韭	4-9-2
齏	2-2-21
韲	2-2-17
竟	2-2-9
韶	1-9-5
韵	1-9-4
頏	1-4-9
頌	1-4-9
頸	1-7-9
頤	1-6-9
頡	1-6-9
頷	1-7-9
頽	1-7-9
顆	1-8-9
顏	1-9-9
顋	1-9-9
顫	1-13-9
顯	1-14-9
顰	2-15-9
顱	1-16-9
顴	1-17-9
顳	1-18-9
颪	2-3-9
颯	1-5-9
颱	3-9-5
颶	3-9-8
飄	1-11-9
飃	3-9-11
飆	1-12-9
飩	1-9-4
飫	1-9-4
餃	1-9-6
餉	1-9-6
餒	1-9-7
餔	1-9-7
餘	1-9-7
餡	1-9-8
餝	1-9-7
餞	1-9-8
餤	1-9-8
餠	1-9-8
餬	1-9-9
餮	2-9-9
餽	1-9-10
餾	1-9-10
饂	1-9-10
饉	1-9-11
饅	1-9-11
饐	1-9-12
饋	1-9-12
饑	1-9-12
饒	1-9-12
饌	1-9-12
饕	2-13-9
馗	2-2-9
馘	1-9-8
馥	1-9-9
馭	1-10-2
馮	1-2-10
馼	1-10-4
駟	1-10-5
駛	1-10-5
駝	1-10-5
駘	1-10-5
駑	2-5-10
駭	1-10-6
駮	1-10-6
駱	1-10-6
駲	1-10-6
駻	1-10-7
駸	1-10-7
騁	1-10-7
騏	1-10-8
騅	1-10-8
駢	1-10-6
騙	1-10-9
騫	2-3-17
騷	1-10-10
驅	1-10-11
驂	1-10-11
驀	2-3-17
驃	1-10-11
騾	1-10-11
驕	1-10-12
驍	1-10-12
驛	1-10-13
驗	1-10-13
驟	1-10-14
驢	1-10-16
驥	1-10-16
驤	1-10-17
驩	1-10-17
驫	2-10-20
驪	1-10-19
骭	1-10-3
骰	1-10-4
骼	1-10-6
髀	1-10-8
髏	1-10-11
髑	1-10-13
髓	1-10-13
體	1-10-13
髞	1-10-13
髟	1-7-3
髢	2-10-3
髣	2-10-4
髦	2-10-4
髯	2-10-5
髫	2-10-5
髮	2-10-5
髴	2-10-5
髱	2-10-5
髷	2-10-6
髻	2-10-6
鬆	2-10-8
鬘	2-10-11
鬚	2-10-12
鬟	2-10-13
鬢	2-10-14
鬣	2-10-15
鬥	1-5-5
鬧	3-10-5
鬨	3-10-6
鬩	3-10-8
鬪	3-10-10
鬮	3-10-16
鬯	2-8-2
鬲	2-1-9
魄	1-5-10
魃	3-10-5
魏	1-8-10
魍	3-10-8
魎	3-10-8
魑	3-10-11
魘	3-2-22
魴	1-11-4
鮓	1-11-5
鮃	1-11-5
鮑	1-11-5
鮖	1-11-5
鮗	1-11-5
鮟	1-11-6
鮠	1-11-6
鮨	1-11-6
鮴	1-11-6
鯀	1-11-7
鯊	2-7-11
鮹	1-11-7
鯆	1-11-7
鯏	1-11-7
鯑	1-11-7
鯒	1-11-7
鯣	1-11-8
鯢	1-11-8
鯤	1-11-8
鯔	1-11-8
鯡	1-11-8
鰺	1-11-11
鯲	1-11-8
鯱	1-11-8
鯰	1-11-8
鰕	1-11-9
鰔	1-11-9
鰉	1-11-9
鰓	1-11-9
鰌	1-11-9
鰆	1-11-9
鰈	1-11-9
鰒	1-11-9
鰊	1-11-9
鰄	1-11-9
鰮	1-11-10
鰛	1-11-9
鰥	1-11-10
鰤	1-11-10
鰡	1-11-10
鰰	1-11-10
鱇	1-11-11
鰲	2-11-11
鱆	1-11-11
鰾	1-11-11
鱚	1-11-12
鱠	1-11-13
鱧	1-11-13
鱶	1-11-15
鱸	1-11-16
鳧	2-11-2
鳬	2-7-2
鳰	1-2-11
鴉	1-5-11
鴈	3-2-13
鳫	3-2-11
鴃	1-11-4
鴆	1-4-11
鴪	1-5-11
鴦	2-5-11
鶯	2-10-11
鴣	1-5-11
鴟	1-5-11
鵄	1-6-11
鴕	1-11-5
鴒	1-5-11
鵁	1-6-11
鴿	1-6-11
鴾	1-6-11
鵆	1-3-14
鵈	1-6-11
鵝	1-7-11
鵞	2-7-11
鵤	1-7-11
鵑	1-7-11
鵐	1-7-11
鵙	1-7-11
鵲	1-8-11
鶉	1-8-11
鶇	1-8-11
鶫	1-9-11
鵯	1-8-11
鵺	1-8-11
鶚	1-9-11
鶤	1-9-11
鶩	2-9-11
鶲	1-10-11
鷄	1-10-11
鷁	1-10-11
鶻	1-10-11
鶸	1-10-11
鶺	1-10-11
鷆	1-10-11
鷏	1-10-11
鷂	1-10-11
鷙	2-11-11
鷓	1-11-11
鷸	1-12-11
鷦	1-12-11
鷭	1-12-11
鷯	1-12-11
鷽	2-13-11
鸚	1-17-11
鸛	1-17-11
鸞	2-19-11
鹵	2-2-9
鹹	1-11-9
鹽	2-20-5
麁	2-3-10
麈	3-3-13
麋	2-11-6
麌	2-11-7
麒	1-11-8
麕	2-11-8
麑	2-11-8
麝	2-11-10
麥	2-8-3
麩	3-11-4
麸	3-7-4
麪	1-7-4
麭	3-7-5
靡	3-3-16
黌	2-13-12
黎	1-3-12
黏	1-12-5
黐	1-12-11
黔	1-12-4
黜	1-12-5
點	1-12-5
黝	1-12-5
黠	1-12-6
黥	1-12-8
黨	2-5-15
黯	1-12-9
黴	1-3-20
黶	2-14-12
黷	1-12-15
黹	2-5-7
黻	1-12-5
黼	1-12-7
黽	4-13-1
鼇	2-11-13
鼈	2-12-13
皷	1-9-5
鼕	2-13-5
鼡	2-3-5
鼬	3-13-5
鼾	1-14-3
齊	2-2-12
齒	2-4-11
齔	1-15-2
齣	1-15-5
齟	1-15-5
齠	1-15-5
齡	1-15-5
齦	1-15-6
齧	2-6-15
齬	1-15-7
齪	1-15-7
齷	1-15-9
齲	1-15-9
齶	1-15-9
龕	2-2-20
龜	2-2-16
龠	2-2-15
堯	2-3-9
槇	1-4-10
遙	3-4-10
瑤	1-4-10
凜	1-2-13
熙	2-11-4
